authorMeta/fans,authorMeta/name,collectCount,commentCount,createTimeISO,diggCount,isSponsored,locationMeta/city,locationMeta/locationName,shareCount,text,videoMeta/duration,webVideoUrl,playCount,brand
48,u3coffeecrew,0,0,22/03/2025 19.04,4,False,Unknown,Unknown,0,"We want to knowwhats your go-to U3 Coffee drink? Cast your vote & let us know why its your favorite!
?? Cold Brew  Smooth, bold & packed with energy
?? Latte  Creamy, dreamy & the perfect balance of espresso & milk
?? Espresso  Short, strong & straight to the point
Drop your pick in the comments & tag a friend who needs to try your favorite! ??
#u3coffee #unitedbycoffee #coffee #coffeelife #drinkpoll #fuelyourday",10,https://www.tiktok.com/@u3coffeecrew/video/7484603015735905579,105,Fore Coffee
913,buttercreamlattee1,5,0,20/06/2025 23.05,43,False,Samarinda,BIGmall Samarinda,61,,14,https://www.tiktok.com/@buttercreamlattee1/video/7518063405937233158,1190,Fore Coffee
1184,elaineshine,2,0,26/12/2024 22.35,67,False,Unknown,Unknown,1,Coffe taste better/made in fire!#kabyle??????? #usa????tiktok #algeria???? ,45,https://www.tiktok.com/@elaineshine/video/7452744600445340959,635,Fore Coffee
13,xx_spoileralert_xx,1,0,01/02/2025 03.52,24,False,Unknown,Unknown,0,treating RoFo like a Korean convenience store ???? #icedcoffee #rofo #korea #???????? ,24,https://www.tiktok.com/@xx_spoileralert_xx/video/7466185228390911278,759,Fore Coffee
255,ofeecoffee,1,1,26/06/2024 16.35,14,False,Unknown,Pemkab Tulungagung,9,New Vibes ??,28,https://www.tiktok.com/@ofeecoffee/video/7384743224029596934,2759,Fore Coffee
33600,forecoffee.id,21,11,24/07/2025 13.24,221,False,Unknown,Unknown,12,"Siapa di sini fans Buttercream Tiramisu Latte? ??? 

Rasa kopi susu praline berpadu dengan creamy-nya buttercream tiramisu emang selalu bikin nagih!Setiap tegukannya sukses bikin hati meleleh ?? 

Kali ini Rizky, barista Fore Coffee Wolter Monginsidi, bakal bongkar rahasia di balik kelezatan menu favoritmu itu ??

Penasaran kan rahasia di balik Buttercream Tiramisu Latte? Yuk, tonton videonya sampai habis!

#ForeCoffee #BaristaStory",35,https://www.tiktok.com/@forecoffee.id/video/7530530537610693906,6308,Fore Coffee
2675,kayyieshere,44,16,12/05/2025 21.09,693,False,Unknown,Unknown,34,"beginner friendly sih, asal makan nasi dlu ya?? #fore #coffee ",12,https://www.tiktok.com/@kayyieshere/video/7503561114882493704,14600,Fore Coffee
87,foresthreerawalumbu,63,2,02/07/2025 14.58,122,False,Bekasi City,"Foresthree Coffee & Kitchen, Rawalumbu Bekasi",11,#fpy? #trend #coffeetiktok cuss jangan lupa mampirr????@Foresthree Coffee ,13,https://www.tiktok.com/@foresthreerawalumbu/video/7522390816392776966,2146,Fore Coffee
12,plateby.plate1,114,3,27/01/2025 11.13,210,False,Unknown,Unknown,27,"how to make frothy ice coffee! ?? 

#fyp #foryoupage #coffee #icecoffeetiktok #coffeetiktok #coffeetime #coffeetok ",36,https://www.tiktok.com/@plateby.plate1/video/7464443451938032914,9659,Fore Coffee
74,kisugenk,1,0,16/05/2025 15.46,21,False,Jakarta,South Jakarta,2,"nyobain fore experience yang baru buka. honest review tempatnya nyaman banget. kemarin nyobain manual brew, pakai beans lokal dan enak banget sih. #fore #forecoffee #foreexperience #coffeeshopjakarta ",34,https://www.tiktok.com/@kisugenk/video/7504962167993601286,608,Fore Coffee
6180,retnx,14,14,02/04/2025 10.43,114,False,Unknown,Unknown,19,"Replying to @Rusia Esterlina yes ??!!!
Baru beberapa waktu lalu cobain yang kopi tani. Bener, enakkk! 

#fore #forecoffee #foreciledug ",27,https://www.tiktok.com/@retnx/video/7488556328508558600,8014,Fore Coffee
24600,digivestasi,15,17,17/04/2025 20.25,95,False,Unknown,Unknown,13,"Fore Coffee resmi IPO dan langsung naik 34%! Keren sih, tapi jangan asal ikut-ikutan cuma karena rame. Investasi itu bukan buat yang gampang FOMO, tapi buat yang siap riset dan tahan risiko.

Nah, gimana menurut kalian? Saham Fore ini layak dikoleksi atau mending nunggu dulu?

#investasi #investasisaham #saham #ipo #fore #forecoffee ",45,https://www.tiktok.com/@digivestasi/video/7494272539800210743,11800,Fore Coffee
51,forecoffeesg,0,0,29/12/2023 11.42,10,False,Singapore,Bugis Junction,0,Going into the weekend like  #sgcafehopping #singaporetiktok #sgcafe #sgtiktok #ForeCoffeeSingapore#fyp?,12,https://www.tiktok.com/@forecoffeesg/video/7317872442452577538,1156,Fore Coffee
33600,forecoffee.id,2,5,23/07/2025 11.41,19,False,Unknown,Unknown,5,"Kantong senang, kebutuhan ngopi aman dengan promo Rabu Cermat pakai BCA ???

Setiap hari Rabu, kamu bisa menikmati diskon Rp 15K untuk pembelian menu Fore favoritmu di store dengan QRIS myBCA atau Kartu Kredit BCA!

Syaratnya: 
 Min. pembelian Rp 75K
 Maks 1x transaksi/pengguna/hari
 Tidak berlaku kelipatan/split bill/ digabungkan dengan promo lainnya 
 Hanya berlaku untuk pembelian langsung di store

Buruan kunjungi Fore Store terdekat di kotamu ?????????

#forecoffee ",18,https://www.tiktok.com/@forecoffee.id/video/7530132849060564231,1721,Fore Coffee
157,slmchyrchmwt,1,0,28/02/2024 13.36,12,False,Unknown,Unknown,0,Tempat nyaman untuk wfc di Magelang cyeekk #fore #coffee ,18,https://www.tiktok.com/@slmchyrchmwt/video/7340538085165239557,1583,Fore Coffee
72,equilibriocoffeehouse,5,1,29/07/2025 04.19,81,False,Unknown,Weston,22,"???? 
-
#coffe #fyp #funny #barista #coffeeshop #coffeehouse #icedlatte #weston #florida #content #work #tiktok ",9,https://www.tiktok.com/@equilibriocoffeehouse/video/7532245225603960078,1608,Fore Coffee
257,iqbl_gegz,6,9,29/04/2025 17.59,88,False,Unknown,Jember,14,"Jember uda ada fore coffe, ga perlu jauh jauh ke sby??. #forecoffee #jember24jam #cafejember #kulinerjember ",12,https://www.tiktok.com/@iqbl_gegz/video/7498688092098891063,5256,Fore Coffee
33600,forecoffee.id,9,5,24/05/2025 17.17,49,False,Unknown,Unknown,7,"Pengen bisa nikmatin Buy 1 Get 1 terus tiap bulan? Langganan ngopi pakai MyFore Plan dong!????

Cukup berlangganan mulai dari Rp9K setiap bulannya, kamu bisa nikmati berbagai keuntungan kayak gini! 

Kapan lagi bisa ngopi sehemat ini! Yuk, langganan MyFore Plan sekarang hanya di aplikasi Fore Coffee??

#ForeCoffee",18,https://www.tiktok.com/@forecoffee.id/video/7507954323033410824,5883,Fore Coffee
255,ofeecoffee,5,1,23/11/2024 21.19,44,False,Unknown,Tulungagung,31,Selamat malam minggu ??,45,https://www.tiktok.com/@ofeecoffee/video/7440479198910745911,3489,Fore Coffee
3167,tasikasikfood,10,1,07/07/2025 17.59,39,False,Tasikmalaya City,Fore Coffee - Yudanegara,7,"sesekali kamu harus mampir sih kesini ??
#tasikasikfood #tasikasik #tasik #tasikmalaya #yukgaskeun #fore #forecoffee #fyp ",34,https://www.tiktok.com/@tasikasikfood/video/7524292953347525893,2998,Fore Coffee
33600,forecoffee.id,0,3,25/07/2025 13.56,49,False,Unknown,Unknown,1,"Siapa yang minuman favoritnya Choco Cookies Shake juga coba angkat tangannya di kolom komentar ???

Buat kamu yang belum coba, yuk cobain Choco Cookies Shake, varian Fore Junior yang kolaborasi bareng Jumbo yang pas banget buat nemenin petualangan kamu setiap hari ?????????

Ajak keluargamu buat cobain juga ya! Mumpung ada promo paket bundle mulai dari Rp49K, khusus pembelian di aplikasi Fore ??

#ForeCoffee ",48,https://www.tiktok.com/@forecoffee.id/video/7530909926776999176,2044,Fore Coffee
30600,claudiofernandi,12,5,08/10/2024 11.08,59,False,Unknown,Unknown,10,3 minuman enak di fore #fore #coffee ,20,https://www.tiktok.com/@claudiofernandi/video/7423251801740283141,23900,Fore Coffee
0,blendbuzz2,0,0,07/08/2025 18.15,0,False,Unknown,Unknown,0,#coffeetime #coffeeshop #coffeetiktok ,39,https://www.tiktok.com/@blendbuzz2/video/7535800665268931870,1,Fore Coffee
26400,babahriyan,20,4,09/09/2023 12.36,172,False,Unknown,Sawah Lunto,33,"FOOD, COFFEE & CHILL.

#coffeeshop #fyp #fyp? ",10,https://www.tiktok.com/@babahriyan/video/7276695801345182981,14700,Fore Coffee
978,fores.coffe,7,19,21/09/2021 00.11,113,False,Unknown,Unknown,2,?????? ??10 ???? 5 ???? ?????5 ????? ???? - ????? ???? ?????? ???? ????????? #?????_??????_????_?????? #??????_?????? #???? #????? #foryou,6,https://www.tiktok.com/@fores.coffe/video/7010064631683190018,1630,Fore Coffee
54800,nawangnov,1,6,27/07/2025 15.52,40,False,Malang Regency,FORREST CAFE,0,"Bukan pecinta kopi, tapi Caramel Praline Macchiato ini enyakkk ????
#fore #cooffee #caramelmacchiato ",19,https://www.tiktok.com/@nawangnov/video/7531681996796431672,738,Fore Coffee
675,clairessupersecret11,0,2,28/03/2025 10.18,96,False,Unknown,Unknown,0,fire coffee,10,https://www.tiktok.com/@clairessupersecret11/video/7486694426233015582,1118,Fore Coffee
16900,febulove0610,0,1,29/07/2025 03.14,23,False,Unknown,Unknown,1,#coffee ?? ,23,https://www.tiktok.com/@febulove0610/video/7532228688587377975,525,Fore Coffee
6188,iqbalxmohamad,22,3,05/03/2025 13.27,122,False,Manado,"Fore Coffee, Tikala",53,One of my favorite coffee shops in town #fore #coffee #manado ,18,https://www.tiktok.com/@iqbalxmohamad/video/7478208328363969800,6481,Fore Coffee
909,satriansyah_d_putra01,3,2,27/07/2025 20.41,218,False,Unknown,Unknown,2,"weekend day #fyppppppppppppppppppppppp 
#fyp?? 
#fypage 
#forecoffee 
#bencollenmallbengkulu ",27,https://www.tiktok.com/@satriansyah_d_putra01/video/7531756455918095621,4983,Fore Coffee
47,fordaicedcoffee,0,6,22/01/2025 16.14,11,False,Unknown,Thailand,2,Nakakatawa yung hindi namin napanindigan hanggang last day ???????? #fyppppppppppppppppppppppp #thailand???? #traveltrend,10,https://www.tiktok.com/@fordaicedcoffee/video/7462665821098151189,224,Fore Coffee
542,mycoffeedose,10,0,06/08/2025 19.39,480,False,Unknown,Unknown,0,"""Theres something oddly satisfying about watching coffee swirl into cold milk... ????""#IcedCoffeeVibes  
#LatteInspo  
#CoffeeReel  
#CoffeeReelsDaily  
#HomeCafeSetup  
#CoffeeAesthetic  
#EspressoShot  
#PourOverMagic  
#MinimalCoffee  
#BrewWithMe #CoffeeTherapy  
#CoffeeMood  
#CoffeeVibes  
#VisualCaffeine  
#ReelCoffee  
#CafeVibes  
#ChillBrew  
#SlowMornings  
#MorningRituals  
#IcedLatteLove #fyp #sabrinacarpenter #dubai #morocco #morocco???? #trend #boost ",30,https://www.tiktok.com/@mycoffeedose/video/7535451281440165125,8671,Fore Coffee
1205,iimrrwah,31,3,30/07/2025 19.17,271,False,Unknown,Unknown,6,#coffee #cozyvibes #coffeelover #fyp,10,https://www.tiktok.com/@iimrrwah/video/7532848063413619975,3012,Fore Coffee
6090,lovasiregar09,0,5,17/07/2024 19.48,25,False,Deli Serdang Regency,Fore Coffee - Citraland Helvetia Medan,0,"masih ada yg belum kesini??
#fyp #fypp #medan #kotamedan #coffee #forecoffee #coffeetiktok ",46,https://www.tiktok.com/@lovasiregar09/video/7392585668423257349,1404,Fore Coffee
255,ofeecoffee,0,0,30/06/2024 20.01,10,False,Unknown,Tulungagung,8,??,20,https://www.tiktok.com/@ofeecoffee/video/7386280621104041222,2661,Fore Coffee
913,buttercreamlattee1,5,0,20/06/2025 19.46,75,False,Samarinda,Sungai Mahakam,66,,12,https://www.tiktok.com/@buttercreamlattee1/video/7518012043404856581,1312,Fore Coffee
1413,suk_maaa,4,2,25/05/2025 17.13,140,False,Gowa Regency,Fore Coffee - Citraland Celebes,2,"Kalau kopimu bikin jantungmu berdebar-debar,mungkin tadi kamu mengaduknya pakai perasaan,bukan pakai sendok ?? btw jangan lupa ngopi di ??Fore coffee,citraland celebes #forecoffee ",10,https://www.tiktok.com/@suk_maaa/video/7508324384696700168,4160,Fore Coffee
6609,kelseydigitalmama,0,1,08/08/2025 10.33,45,False,Unknown,Unknown,1,"?? Comment BUILD and Ill send you the exact steps to start turning nap time into 1k profit!

???? or if you already have a beginner course but feel stuck, comment ?CLASS25?and Ill get you on the waitlist for my free masterclass: Mom Boss Blueprint (from no clue to clarity) 

This might rub some wrong,but the loudest people online are selling the fastest success.

But when youre a stay-at-home mom juggling snacks, diapers, and reheated coffee, you dont need fastyou need sustainable.

Most moms quit before they start because they think if its not 5 figures in 30 days, its not worth it.

???? But lets be real: an extra $1K this month could pay for groceries, your kids soccer fees, and that Target trip youve been guilt-tripping yourself over.

Thats what you learn inside my beginner course. 
Its not hype. Its a system for moms who want to build a digital income that fits inside real life.
#momsover30 #momtok #onlineincomeideas #momboss ",9,https://www.tiktok.com/@kelseydigitalmama/video/7536052707472313614,787,Fore Coffee
36500,poetrisejati,1,1,17/04/2023 12.33,6,False,Semarang City,DP Mall Semarang,1,Nunggunya 1 jam an????  #forecoffee #forecoffeesemarang #ratingforecoffee #coffeerating #coffeeaddict  #voiceeffects ,27,https://www.tiktok.com/@poetrisejati/video/7222887758904315163,3036,Fore Coffee
33600,forecoffee.id,21,1,22/01/2024 13.36,84,False,Unknown,Jakarta,10,"Drinks that will light up your world! 

#forecoffee ",17,https://www.tiktok.com/@forecoffee.id/video/7326807854961282309,12200,Fore Coffee
255,ofeecoffee,4,1,19/09/2024 13.35,22,False,Unknown,Unknown,31,tak kasih info tempat ngopi ?????,37,https://www.tiktok.com/@ofeecoffee/video/7416239039449206022,3381,Fore Coffee
1601,rachma.737,1,1,16/04/2025 17.29,19,False,Sleman,"Fore Coffee - Kaliurang, Yogyakarta",3,"Jajan Kopi Fore
#kopi 
#yogyakarta 
#kuliner ",16,https://www.tiktok.com/@rachma.737/video/7493856260844981512,2018,Fore Coffee
2549,essenwe,45,4,22/03/2024 22.13,93,False,Unknown,Palembang,10,"Boleh diadu sih ?? berantem sini yang ngomong gaenak??
#forecoffee #kopifore #cafepalembang #JelajahRamadan #kopipalembang ",21,https://www.tiktok.com/@essenwe/video/7349206300221345030,15400,Fore Coffee
4034,coviw_,6,6,20/05/2025 16.56,55,False,Tasikmalaya City,Fore Coffee - Yudanegara,7,"Resmi beralih dari Butterscotch sea salt latte ke Buttercream latte ????

#fore #coffee #coffeeaddict #coffeeshop #kopi #tasik #tasikmalaya #tasikmalayahitz #fyp #foryou #foryoupage ",15,https://www.tiktok.com/@coviw_/video/7506464686808812806,2947,Fore Coffee
2146,seto_samudra,7,3,06/09/2023 19.46,73,False,Unknown,Unknown,4,Harga yang pas untuk coffee enak & tempat yang nyaman = Strategi jitu dari FORE COFFEEE?? #kopienak  #inspirasikopi #bisniskopipremium #forecoffee #foreveryday ,40,https://www.tiktok.com/@seto_samudra/video/7275693509146021125,15400,Fore Coffee
8,rysacoffeecaty,1,0,07/08/2025 11.39,11,False,Unknown,Unknown,0,Morning coffee ??.           #coffee #icedcoffee #morningroutine #morningcoffee ,11,https://www.tiktok.com/@rysacoffeecaty/video/7535698500391062814,236,Fore Coffee
2345,ef.sae,2,6,04/08/2025 10.05,192,False,Unknown,Unknown,1,The sound of  happiness #coffe #forecoffee ,8,https://www.tiktok.com/@ef.sae/video/7534561177922325816,1122,Fore Coffee
33600,forecoffee.id,4,4,18/07/2025 14.54,79,False,Unknown,Unknown,19,"Semangat petualang jangan sampai hilang walaupun sudah memasuki momen kembali ke sekolah??

Tetap buat lebih istimewa lagi dengan Choco Cookies Shake, coklatnya yang spesial bikin harimu jadi lebih bersemangat
????

#ForeCoffee #MovingFOREward",37,https://www.tiktok.com/@forecoffee.id/video/7528327191071853831,2222,Fore Coffee
255,ofeecoffee,2,1,29/06/2024 17.19,24,False,Unknown,Tulungagung,28,?,18,https://www.tiktok.com/@ofeecoffee/video/7385867724267769094,2652,Fore Coffee
765,kranjang_cek,1,0,25/04/2025 14.30,9,False,Bogor Regency,"Fore Coffee, Living World Kota Wisata",1,Ngopi dulu masee ?? #CapCut #forecoffee #ngopisantuy #kopisusu #storywhatsapp ,16,https://www.tiktok.com/@kranjang_cek/video/7497149917161409797,976,Fore Coffee
166,modocoffeegarden,7,3,17/07/2025 14.55,100,False,Unknown,Unknown,33,"NAHLOHH !! 

Take ur free time at modo coffee garden jatiwarna 
we are open 16.00  02.00 

see u ????

#modocoffeegarden #coffeeshopbekasi #fyp #foryoupageofficiall #jatiwarna #rekomendasitempatnongkrong #coffeetiktok ",15,https://www.tiktok.com/@modocoffeegarden/video/7527956370348346680,4504,Fore Coffee
97,sa.18ja,4,4,02/08/2025 01.39,52,False,Unknown,Unknown,9,#coffee #icedcoffee #ice_coffee #explore #foryou #?????_??????_????_?? ,15,https://www.tiktok.com/@sa.18ja/video/7533688507781483794,647,Fore Coffee
354,fordeer.coffee,1,0,22/12/2024 09.06,8,False,Unknown,Unknown,0,the best time of year ?? #fordeercoffee #rungxinchao #xuhuongtiktok #viraltiktok #coffeetiktok #coffeeshop #hanoi #fyp #learnontiktok #noel2024 ,9,https://www.tiktok.com/@fordeer.coffee/video/7451051808316755207,1100,Fore Coffee
47,fordaicedcoffee,0,2,25/11/2023 14.45,22,False,Unknown,Unknown,0,Prince the white pussy #catsoftiktok #whitecatsoftiktok #redeyescat ,15,https://www.tiktok.com/@fordaicedcoffee/video/7305302658598915333,892,Fore Coffee
5341,namakuvia.bcws,26,9,15/04/2025 07.40,251,False,Jakarta,South Jakarta,8,"Ada mas komisaris KAI nihhh Kanjeng Gusti?? 
 
#GustiBhre turut hadir dalam acara Pencatatan Perdana Saham di Bursa Efek Indonesia ???? #bhresudjiwo #kgpaamangkunegarax #foreindonesia #forecoffee #bursaefekindonesia #sahamindonesia #fyp  ",21,https://www.tiktok.com/@namakuvia.bcws/video/7493333361977511176,5689,Fore Coffee
2040,itynerary,11,7,02/07/2023 23.47,80,False,Unknown,Pekanbaru,22,kalo fore coffee akumah FOMO. rela antri 1 jam pas awal buka??????? #pekanbaru #forepekanbaru #tempatngopipekanbaru #anaknongkrongpku #ngopipekanbaru #cafepekanbaru #fyp ,12,https://www.tiktok.com/@itynerary/video/7251263960530406661,5677,Fore Coffee
51,forecoffeesg,65,5,12/03/2024 16.05,560,False,Singapore,Bugis Junction,12,"Can't get ""All Too Well"" over the SG Eras Tour? Relive your fave era with a matching Fore Coffee drink! ???

Can't find your fave era? Follow for part 2! 

#ForeCoffeeSG #Swiftie #ErasTour #fyp #foryou #sgcoffee ",18,https://www.tiktok.com/@forecoffeesg/video/7345400577184042247,9228,Fore Coffee
33600,forecoffee.id,3,3,08/07/2025 11.58,39,False,Unknown,Unknown,1,"Kerjaan numpuk tapi perut udah keroncongan? Isi amunisi dulu dengan menu kombo satu ini biar kuat mengejar sisa deadline ??

Mushroom Truffle Sandwich yang rotinya lembut, isiannya creamy dan gurih. Dimakan bareng Kopi Dari Tani yang punya perpaduan rasa kopi yang pekat dan gula aren khas Indonesia. Pas buat jadi ide makan siang sat-set di tengah kesibukan!

Lebih hemat nikmatin kombo dengan paket kombo Fore Deli & minuman, mulai dari Rp 39K aja di aplikasi Fore Coffee ??

#ForeCoffee #MovingFOREward ",13,https://www.tiktok.com/@forecoffee.id/video/7524571071568219400,2246,Fore Coffee
33600,forecoffee.id,24,5,25/05/2025 18.16,250,False,Unknown,Unknown,10,"Dopamine menu Foremin yang selalu bikin semangat jalanin hari! ?? 

Apa dopamine menu versi Fore Friends? Coba komen dong di kolom komentar ????

#ForeCoffee",11,https://www.tiktok.com/@forecoffee.id/video/7508340770420788488,18400,Fore Coffee
139,theotherauntie4,4,4,07/08/2025 04.33,73,False,Unknown,Unknown,8,"Coffee ? is.....
#Onlythingacceptableinthemorning  
#Fyp #notalkybeforecoffee 
#givemejesus #givemecoffee 
#mundanewednesday #2Creams2SugarsAshotofcaramel ",9,https://www.tiktok.com/@theotherauntie4/video/7535588760927407374,839,Fore Coffee
47,fordaicedcoffee,0,0,02/04/2025 09.32,2,False,Unknown,Unknown,0,1 quarter down #fyp #marchdump ,19,https://www.tiktok.com/@fordaicedcoffee/video/7488537976377494801,202,Fore Coffee
22,uptownbrews,0,2,03/08/2025 01.13,3,False,Unknown,Unknown,0,"This feels illegal ??

#NYCCoffee #RollForCoffee #IcedCoffee #NOLACoffee #CoffeeTok #coffee ",13,https://www.tiktok.com/@uptownbrews/video/7534052909416287519,336,Fore Coffee
52000,infiniteunreality,4,3,04/08/2025 01.26,26,False,Unknown,Unknown,17,Fresh Coffee #aiartwork,10,https://www.tiktok.com/@infiniteunreality/video/7534427170375060791,7131,Fore Coffee
1199,justtdoh,6,5,02/08/2025 18.19,80,False,Unknown,Unknown,4,#fyp #explore #foryou #viral #icedcoffee #coffee #fyp??viral ,14,https://www.tiktok.com/@justtdoh/video/7533946252623416594,1371,Fore Coffee
180,petite_girl156,4,1,23/05/2025 19.25,33,False,Unknown,Banjarbaru,4,"??Fore Coffee 
Caffee yg Aestetic juga buat WFH santuy ?????
#forecoffee #viraltiktok #banjarbaru ",22,https://www.tiktok.com/@petite_girl156/video/7507616149870300424,782,Fore Coffee
764,picukcuk,5,6,06/05/2025 17.55,44,False,Jember,Fore Coffee - Kartini Jember,21,Sekarang ga harus lewat tol dulu buat beli Fore ?? so happy karena di Jember sudah buka outletnya @Fore Coffee Indonesia #fore #forecoffee #forejember #forecoffeejember #jember #jemberhitz #jemberviral #kopijember #cafejember #cafejemberbaru #jembernews #makananjember #fyp ,47,https://www.tiktok.com/@picukcuk/video/7501284551138872582,5635,Fore Coffee
2259,reviewpalembang,10,4,12/08/2024 18.01,32,False,Unknown,South Sumatra,8,"Fore coffe??

#fyp? #fyp??viral #fyp #videoviral #vidiotiktok #recomendation #palembang #palembangtiktok #fyppppppppppppppppppppppp #dessert #tempatnongkrongbaru #cafepalembang #kopifore #fore #CapCut ",24,https://www.tiktok.com/@reviewpalembang/video/7402206481954753798,3180,Fore Coffee
396,ifasya94,8,2,20/07/2025 17.41,48,False,Banjarmasin,"Fore Coffee, Hasan Basri Banjarmasin",4,"Afternoon coffee time again 
With FORE coffee
Nikmati waktu bersantaimu dalam berbagai suasana sambil ngopi di sini,, ( ada non kopi juga beserta snack ) 
Pelayanan ramah, parkir luas, ruangan nyaman indoor full ac maupun outdoornya

#coffeelover #forecoffee #coffeetime #enjoyment #inspiredhlife ",17,https://www.tiktok.com/@ifasya94/video/7529112468707134725,6587,Fore Coffee
3158,darling.bdg,13,3,16/10/2024 08.17,32,False,Bandung City,Jalan Dr. Setiabudi Bandung,28,"Fore Coffee cabang terbaru di Setiabudi, Bandung!!!
Selalu jadi favorite buat WFCan, nugas, nongki, sekarang bisa ni di daerah Setiabudi
Jangan lupa selalu order pakai aplikasi Fore ya, banyak promo dan ga perlu antri!!
??: Fore Coffee
Jl. Setiabudi no. 119, Bandung
-
#bandungcoffeeshop #bandungcafe #bandungcoffeedirectory #forecoffeebandung ",48,https://www.tiktok.com/@darling.bdg/video/7426176427575364869,8066,Fore Coffee
910,verashahara_,3,0,25/05/2025 13.36,36,False,Semarang City,Fore Coffee - Mall Paragon City Semarang,2,"#fyp 
#forecoffee 
#kopidjuarasemarang 
#coffee ",7,https://www.tiktok.com/@verashahara_/video/7508268496980184376,1775,Fore Coffee
37,gingerninja12159,0,4,27/07/2025 02.20,7,False,Unknown,Unknown,0,"always coffee ?? 
#coffee #coff#fyp ",29,https://www.tiktok.com/@gingerninja12159/video/7531472394779708686,164,Fore Coffee
6311,hotchaleck,46,23,24/04/2025 21.47,948,False,Bandung City,"Fore Coffee, Bandung Indah Plaza",16,"thank you for all the knowledge and experience, i love u! ?? @Fore Coffee Indonesia #baristalife #coffeeaddict #coffeeshop ",23,https://www.tiktok.com/@hotchaleck/video/7496891382972435717,29800,Fore Coffee
33600,forecoffee.id,0,7,13/07/2025 11.26,53,False,Unknown,Unknown,6,"Sip in style, anywhere you go!?

Stay hydrated in style with our exclusive merchandise, a collaboration with @hydroflask.id and @callathelabel that's only available at Fore Experience and 30 Fore Coffee stores across Indonesia!

An elegant collaboration you can taste, carry, and wear every day, for every occasion.

?? Special Treat ??: Get 1 FREE CUP for every Hydroflask x Calla tumbler purchase*! Buy it now and embrace your stylish look

*T&C Apply

#ForeCoffee",9,https://www.tiktok.com/@forecoffee.id/video/7526418111021534482,4030,Fore Coffee
33600,forecoffee.id,23,7,30/12/2024 18.28,63,False,Unknown,Unknown,23,"The reason why Hampers FOREveryone is the perfect fit for you!!!??

Mulai dari 139k, kamu akan mendapatkan:
? 2 botol Fore Coffee ready-to-drink 1L favorit kamu
? Hampers bag

Periode: 16 Desember 2024 - 12 Januari 2025

Tersedia untuk pembelian dine-in, take-away, GrabFood, GoFood, dan ShopeeFood. 

Bebas ongkir untuk pembelian via aplikasi Fore Coffee.

Pembelian jumlah banyak dapat menghubungi #ForeCoffee Customer service.",15,https://www.tiktok.com/@forecoffee.id/video/7454165189705862418,18500,Fore Coffee
210,dose0fc,0,5,10/05/2025 01.43,27,False,Unknown,Unknown,0,Fridays coffee ?,35,https://www.tiktok.com/@dose0fc/video/7502518433553190174,337,Fore Coffee
51,forecoffeesg,1,0,08/11/2023 15.26,10,False,Singapore,Bugis Junction,0,"Let Cinta Laura Kiehl, our Social & Sustainability Ambassador, extend your exclusive invite to our Grand Opening! ??

Save the date: November 9th, 2023, at Bugis Junction, 1st Floor, starting at 12 PM SGT! ???

Be among the first 200 guests to score our exclusive merch, also loads of opening day surprises, including 1-for-1 deals and many more! Exclusive only on our Grand Opening Day! ???

#ForeSingapore #IndonesianCoffeeCulture ",21,https://www.tiktok.com/@forecoffeesg/video/7299004697174674690,351,Fore Coffee
1589,anngelik15,6,8,06/08/2025 19.07,64,False,Unknown,Unknown,5,"Sums up the addiction for an iced coffee ?? 

??Honey Café
2665 12th Ave, Vero Beach FL 

#icedcoffee #addiction #coffeetiktok #coffeelover #relatable #delicious ",10,https://www.tiktok.com/@anngelik15/video/7535443064471457054,426,Fore Coffee
8403,fairtradecafeaz,5,6,06/08/2025 04.30,377,False,Unknown,Phoenix,44,?????? #nowhippedcream #fairtradecafe #downtownphoenix #dtphx #azcoffee #azfoodie #baristatok ,8,https://www.tiktok.com/@fairtradecafeaz/video/7535216985320262967,9843,Fore Coffee
2668,foresthree.sawahlunto,27,6,05/10/2024 17.08,261,False,Sawah Lunto,Foresthree Coffee Sawahlunto,25,"Emang kalo jadi temen nya owner ada privilege lebih, tapi gak sampe kayak gini juga ????

#relate #seringterjadi #effort #bahycreative #intrusivethoughts #viral #fyp #barista #baristakonten #foresthreecoffee #foresthreecoffesawahlunto #temankopi #temantapikopi #bahycreative #bahyeats #sekedarkonten #coffee #coffeetime #coffelife ",27,https://www.tiktok.com/@foresthree.sawahlunto/video/7422231351002270982,12400,Fore Coffee
86,kissawithcup,6,6,13/01/2025 22.51,101,False,Unknown,Unknown,18,"Good coffee, great company, and even better moments ???#cafe #birtamode_jhapa #fyp #coffee #goviral ",9,https://www.tiktok.com/@kissawithcup/video/7459428237572148487,3397,Fore Coffee
33600,forecoffee.id,3,0,21/07/2025 09.13,38,False,Unknown,Unknown,5,"Ada aja cara hemat dari @blubybcadigital , buat jajan kopi authentic nya Fore di tengah bulan dengan Diskon 40% ????

??Diskon berlaku dari tanggal 19-22 Juli 2025 dengan syarat dan ketentuan:
?  ?Berlaku untuk setiap transaksi dengan metode pembayaran blu
?  ??Berlaku untuk semua menu kecuali merchandise
?  ??Berlaku hanya untuk pembelian melalui aplikasi Fore Coffee App
?  ??Maksimal potongan Rp 40K dan minimal pembelian Rp 40K
?  ??Kuota terbatas

Gimana hematkan? ??
Buruan share postingan ini dan ajak teman-teman kamu untuk jajan lewat aplikasi Fore karena kuota terbatas

#ForeCoffee #MovingFOREward",24,https://www.tiktok.com/@forecoffee.id/video/7529352528870264071,3022,Fore Coffee
7383,benonlinefriend,2,9,02/08/2025 19.29,92,False,Unknown,Unknown,0,the power of a coffee when working... in a cafe,15,https://www.tiktok.com/@benonlinefriend/video/7533964208866610439,398,Fore Coffee
14400,foresthreecoffeeofficial,17,12,04/03/2024 09.40,693,False,Jakarta,"Foresthree Coffee & Kitchen, Cilandak",10,"Partner kerja ?
Partner hidup ?

#forethreecoffe #coffee #trend #baper #fyp #coffeshop ",27,https://www.tiktok.com/@foresthreecoffeeofficial/video/7342332549206789381,28400,Fore Coffee
978,fores.coffe,6,10,16/09/2021 08.08,108,False,Unknown,Unknown,1,#foryou #explor #fyp? #fyp #?????? #?????????? #?????_??????_????_?????? #??????_?????? #???????,17,https://www.tiktok.com/@fores.coffe/video/7008332271656668418,1493,Fore Coffee
14000,anjanaa.olahannan,5,22,23/07/2025 22.06,221,False,Unknown,Unknown,4,This is your sign to go get yourself @Ready Coffee #coffeedrink #fyp #trending #readycoffee #stormking #foryoupage #coffeideas ,49,https://www.tiktok.com/@anjanaa.olahannan/video/7530294012050214158,1751,Fore Coffee
47,fordaicedcoffee,1,0,17/03/2025 19.00,4,False,Unknown,Makati,0,Pamper yourself @?????????? ???? ???????????? #headspa #footreflexologymassage #pamper #selfcare,16,https://www.tiktok.com/@fordaicedcoffee/video/7482747096295099664,247,Fore Coffee
5703,skincarepopuler88,22,21,13/04/2025 16.18,243,False,Jambi City,Fore Coffee - Sipin Jambi,31,in HP We Trust. Semoga besok FORE IPO DAY ARA ??. #capcut #JJCapCut #ipo #iposaham #saham #ipofore #foreipo #fore #kopi #stock #akuinvestorsaham #henan #henansekuritas #fyppppppppppppppppppppppp #munculberanda #coffee #stecu #idxchannel ,21,https://www.tiktok.com/@skincarepopuler88/video/7492724626087284023,11300,Fore Coffee
1153,emayrla_,0,1,30/01/2024 18.38,4,False,Unknown,Unknown,0,Review review review ?? #fyp #viral #coffee #fore ,28,https://www.tiktok.com/@emayrla_/video/7329854349507661062,1088,Fore Coffee
1999,husseinarfaa,5,8,27/05/2025 14.53,244,False,Unknown,Unknown,1,"????
#coffeeoftheday? #latteart #coffeeart #coffeesesh #coffeetime #latteart #BaristaDaily #BaristaLife #ArtisanalCoffee #barista  #ArtistsforBaristas #BeanJuice #LiquidHappiness #SpecialityCoffee #barista #BaristaLife #BaristaDaily #latte #latteart #latteartgram #flatwhite #lacimbalim100 #drink #drinking  #cafelife #espresso #coffee #coffeetime #freepour #coffeelover #coffeelove #cappuccino #coffeegram #coffeesesh  #coffeeart #coffeeoftheday #caffeine",18,https://www.tiktok.com/@husseinarfaa/video/7509030477274074386,4333,Fore Coffee
33600,forecoffee.id,6,8,30/07/2025 17.36,96,False,Unknown,Unknown,33,"Mau ngopi enak tapi kantong tetap aman di akhir bulan? Bisa banget!

Cuma di aplikasi Fore, ada promo Buy 1 Get 1 untuk menu  Fore favoritmu ?? 

Jangan sampai kehabisan! Promo ini hanya berlaku pada 31 Juli 2025 aja loh! Cek ketentuannya ??

*S&K berlaku: 
Berlaku untuk semua menu minuman dan Fore Deli
Berlaku untuk pemesanan pick-up dan delivery via aplikasi Fore Coffee
Kuota terbatas

Buruan tag teman atau keluarga  kamu yang mau diajak ngeFORE hemat  bareng besok ??

#ForeCoffee #MovingFOREward",25,https://www.tiktok.com/@forecoffee.id/video/7532821986943225096,4620,Fore Coffee
7272,luluzaharanii,5,4,03/06/2025 13.00,163,False,Unknown,Unknown,2,"Zemangattt 

#mahasiswa #komunikasi #fyp #fypage #fore #coffee ",16,https://www.tiktok.com/@luluzaharanii/video/7511599056993504518,4743,Fore Coffee
121,starwiy.7777,0,0,26/06/2025 20.10,16,False,Unknown,Unknown,0,"Fire coffe ????

#coffee #fyp #rek #video #barista #movie #uzbekistan #life #tiktok ",15,https://www.tiktok.com/@starwiy.7777/video/7520244683876994322,466,Fore Coffee
174,leescoffeehouse,3,2,06/08/2025 00.38,87,False,Unknown,Unknown,0,Churro frappe???? #coffeeshop #coffee #barista #coffeehouse #leescoffeehouse ,22,https://www.tiktok.com/@leescoffeehouse/video/7535157064755186974,850,Fore Coffee
1236,adaapateam,6,0,03/03/2024 16.01,65,False,Unknown,Unknown,20,Fore coffee buka di nangor!! siapa nih yang udah mampir ke sini? #fyp #viral #xyzbca #fore ,11,https://www.tiktok.com/@adaapateam/video/7342059817378368774,6358,Fore Coffee
3167,tasikasikfood,5,0,08/07/2025 14.04,48,False,Tasikmalaya City,Fore Coffee - Yudanegara,3,"orang tasik ke sini aja, fore coffee yang ada di jl. yudanegara yaa #yukgaskeun #tasikasikfood #tasikasik #tasik #tasikmalaya #fore #forecoffee #forecoffeetasik ",21,https://www.tiktok.com/@tasikasikfood/video/7524603336604060936,1902,Fore Coffee
1239,ardinygagola,33,7,14/05/2025 17.57,319,False,Manado,"Fore Coffee, Tikala",66,"fore di sore hari ternyata setenang dan seadem itu hihi ?????
.
.
??Fore Coffee, Tikala
 #cafe #aesthetic #forecoffee #manado ",16,https://www.tiktok.com/@ardinygagola/video/7504253834840018182,8753,Fore Coffee
1699,itsmecomel09,2,4,26/05/2025 11.38,242,False,Denpasar City,"Fore Coffee, Simpang Enam Teuku Umar",4,"????? 
#fyp? #CapCut #forecoffee ",15,https://www.tiktok.com/@itsmecomel09/video/7508609136167243064,8610,Fore Coffee
28,boucheemarche.lb,0,2,02/07/2025 22.33,22,False,Unknown,Unknown,3,"But first,..Coffee ??",16,https://www.tiktok.com/@boucheemarche.lb/video/7522507998510566674,763,Fore Coffee
631,pakedulubarungerti.id,3,2,20/03/2025 21.14,37,False,Jambi City,Fore Coffee - Sipin Jambi,5,?? tempat nongkrong baru anak jambi ?? 1L cukup buat push ML #forecoffee #jambi #fyp ,11,https://www.tiktok.com/@pakedulubarungerti.id/video/7483894772428574007,9281,Fore Coffee
51,forecoffeesg,12,2,13/03/2024 09.50,125,False,Unknown,Unknown,3,"Swifties, the Eras Tour Fore Coffee journey continues! ?? Part 2! 

Relive your later eras with the perfect Fore Coffee match (Watch till the end) Which era are you feeling today? ??

#ForeCoffeeSG #Swifties #ErasTour #SGconcert",25,https://www.tiktok.com/@forecoffeesg/video/7345674926768131330,3199,Fore Coffee
913,buttercreamlattee1,4,0,22/06/2025 17.08,56,False,Unknown,Unknown,26,,21,https://www.tiktok.com/@buttercreamlattee1/video/7518713612949540101,999,Fore Coffee
7880,wadaizahra,7,4,26/07/2025 20.36,70,False,Banjarmasin,"Fore Coffee, Hasan Basri Banjarmasin",4,Malam mingguan kamii ???? #fyp #fore #forecoffee ,36,https://www.tiktok.com/@wadaizahra/video/7531384075194600712,2127,Fore Coffee
913,buttercreamlattee1,0,1,09/02/2025 11.40,25,False,Unknown,Unknown,4,#lipsync #liriklagu #lyricsvideo ,22,https://www.tiktok.com/@buttercreamlattee1/video/7469274683507051782,435,Fore Coffee
36,ram.coffee.house,1,3,03/08/2025 09.53,7,False,Unknown,Moalboal,6,Its coffee time #coffeeshop #coffeeaddict #coffee #coffeetime #fy #fypage #fyp?? #highlightfollowers #moalboalcebu ,20,https://www.tiktok.com/@ram.coffee.house/video/7534186877235055888,146,Fore Coffee
255,ofeecoffee,1,0,21/07/2024 20.45,21,False,Unknown,Unknown,8,??????,17,https://www.tiktok.com/@ofeecoffee/video/7394084851625905414,4588,Fore Coffee
51,forecoffeesg,1,1,11/11/2023 09.44,130,False,Singapore,Bugis Junction,3,"Joined the trend at our brand-new store! ?? ??Bugis Junction L1, Victoria St, Singapore

#afterthestorm #walkingtrend #tiktoksg #singapore #ForeSingapore #bugisjunctionsingapore ",15,https://www.tiktok.com/@forecoffeesg/video/7300029989066525954,4248,Fore Coffee
4073,alwayscoffee.monywacafe,5,2,16/06/2025 15.58,527,False,Unknown,Unknown,24,Coffee Chill Time ???? #alwayscoffee #coffeeshopfrommonywa #DaytimeChill #coffeetime #coffee #cafe #coffeeandchill #alwayscoffeemonywa #specialtycoffeefrommyanmar #???????????????????? #cafehopping ,14,https://www.tiktok.com/@alwayscoffee.monywacafe/video/7516469043931401480,9948,Fore Coffee
33600,forecoffee.id,0,2,02/08/2025 15.14,43,False,Unknown,Unknown,0,"Weekend kemarin seru-seruan bareng @gozoooscooter ????

Mulai dari ngobrolin motor kesayangan, sampai bahas hal random yang entah gimana bisa nyambung semua topiknya.

Pastinya nggak lengkap tanpa segelas kopi yang jadi andalan + Fore Deli yang sukses bikin obrolan makin nikmat ??

Buat kamu yang pengen ikutan, jangan khawatir, bakal ada keseruan lainnya. Stay tuned dan see you at Fore Coffee! ??

#ForeCoffee #MovingFOREward",15,https://www.tiktok.com/@forecoffee.id/video/7533898491194592519,1514,Fore Coffee
33600,forecoffee.id,1,2,09/07/2025 17.17,49,False,Unknown,Unknown,4,"Throwback ke keseruan minggu kemarin di acara Face Painting @jumbofilm_id di Fore Coffee Kuningan City & Gandaria City!

Gemes banget liat adik-adik Fore Friends antusias dilukis karakter Jumbo di wajah dan tangan! Apalagi ditemani segelas Fore Junior, yang bikin makin semangat untuk berpetualang ??

Next-nya kita bakal seru-seruan apa lagi ya? Coba kasih ide aktivitas seru di kolom komentar dong??

#ForeCoffee #ForeBersamaJumbo",13,https://www.tiktok.com/@forecoffee.id/video/7525024175912652039,2080,Fore Coffee
421,kathmandu.barista.school,13,18,03/07/2025 14.58,288,False,Unknown,Unknown,50,"student making espresso affogato 
#espresso #dailycoffee #baristalife #keepsupporting #repost #fyp? #fypage #fyp ",14,https://www.tiktok.com/@kathmandu.barista.school/video/7522761842075225351,8351,Fore Coffee
913,buttercreamlattee1,2,0,26/06/2025 19.24,33,False,Unknown,Unknown,8,,26,https://www.tiktok.com/@buttercreamlattee1/video/7520232981936557318,539,Fore Coffee
978,fores.coffe,1,2,25/08/2022 05.46,25,False,Unknown,Unknown,0,#???? #????? #????? #??? #?????_??????_????_?????? #??????,5,https://www.tiktok.com/@fores.coffe/video/7135577701544365313,817,Fore Coffee
47,fordaicedcoffee,2,2,10/02/2025 22.57,16,False,Unknown,Thailand,3,Us trying the 7/11 trending banana milk x chocolate drink (protein drink version) #wheninthailand???? #BKKTrend #fyppppppppppppppppppppppp #wheninbangkok #travel #drink @Bill ,11,https://www.tiktok.com/@fordaicedcoffee/video/7469820080185003284,453,Fore Coffee
33600,forecoffee.id,28,5,01/02/2024 13.45,83,False,Unknown,Unknown,14,"Minuman penghalau kantuk: Double Iced Shaken Latte!
Coba tag temen kamu yang sering ngantuk ??

#ForeCoffee ",9,https://www.tiktok.com/@forecoffee.id/video/7330521072783133958,14000,Fore Coffee
1636,weldyarf,40,4,19/08/2024 20.00,227,False,Jakarta,Fore Coffee - Bendungan Hilir,15,"Spill minuman favorit kamu kalo lagi nongkrong di Fore Coffee yaa..

#fore #forecoffee #ttpetualangpro #jelajahmerdeka #coffeeshopjakarta #fyp #jakarta #viral ",37,https://www.tiktok.com/@weldyarf/video/7404834725027646726,57900,Fore Coffee
16100,metime_an,12,6,21/04/2025 20.02,63,False,Mataram,Fore Coffee - Bung Karno Lombok,6,Balik lagi ke Fore kopi yang bikin mood Happy klo lagi capek #fore #cafedimataram #cafedilombok #coffeeshoplombok #coffe ,12,https://www.tiktok.com/@metime_an/video/7495751177255144759,5174,Fore Coffee
57700,safirarahmadita,9,11,10/04/2025 19.52,62,False,Unknown,Unknown,3,#CapCut yang ikut IPO FORE siapa nih hehe #ipo #trading #saham #ihsg #investor #fyp #fypage #market #fypdong #fypdong ,12,https://www.tiktok.com/@safirarahmadita/video/7491666569152466183,4296,Fore Coffee
901,coffeeloop.tc,13,0,18/07/2025 22.29,52,False,Unknown,Hopkins,5,"Stop by and try it! ??

#coffeeshops #twincitiesmn #coffeetiktok #coffeelover #stayintheloop ",34,https://www.tiktok.com/@coffeeloop.tc/video/7528444457222540574,1286,Fore Coffee
6168,tikaa.chandra,33,10,02/04/2025 17.02,192,False,Cirebon City,Kopi Janji Jiwa & Jiwa Toast - Grage Mall Cirebon,15,Promo kopii janji jiwa #janjijiwa #promojanjijiwa #janjijiwacoffee #janjijiwapromo #janjijiwatiktok #promotiktok #promotiktokshop #fyp #foryou #foryoupage #kuliner #kulinertiktok #kulinerindonesia #kulinerviral ,11,https://www.tiktok.com/@tikaa.chandra/video/7488653951840128263,35400,Janji Jiwa
13400,oreyosoftcake,63,9,10/06/2025 15.26,362,False,Grobogan Regency,Kopi Janji Jiwa & Jiwa Toast - Hayam Wuruk Purwodadi,19,#janjijiwa #janjijiwacoffee #kulinerpurwodadi #kulinerpurwodadigrobogan #kulinerpurwodadiviral #kulinerpurwodadifyp #kulinerpurwodadi?????? #kulinerpurwodadirecommended #kulinerpurwodadihits #purwodadigrobogan ,20,https://www.tiktok.com/@oreyosoftcake/video/7514234310849842440,43300,Janji Jiwa
44,cafetiam.brunei,3,2,02/08/2025 12.16,39,False,Unknown,Unknown,2,"We just started deliveries by collaborating with ONEway.bn

 Now you can get your food orders from CafeTiam delivered to your doorstep.

#CapCut #cafetiam #hustle ",27,https://www.tiktok.com/@cafetiam.brunei/video/7533852682935635207,912,Janji Jiwa
1422,mazferdi_shop30,1,0,18/06/2025 22.01,7,False,Semarang City,Kopi Janji Jiwa & Jiwa Toast - Jatisari Square,0,Janji Jiwa Promo Sampai 50% Lho... #coffeetiktok #promo #xyzabc #foryou #infopromo #semaranghits #semarangtiktok #janjijiwacoffee #janjijiwatoast #janjijiwa #semarang #mijen  #jatisari ,29,https://www.tiktok.com/@mazferdi_shop30/video/7517304589666848006,379,Janji Jiwa
13300,a.k.a.zenalkun,19,9,20/06/2025 12.57,80,False,Cianjur,Kopi Janji Jiwa & Jiwa Toast - Cianjur Arief Rahman,14,#kopi #coffee #janjijiwa #coffe #cianjur #cianjurjawabarat #jawabarat ,26,https://www.tiktok.com/@a.k.a.zenalkun/video/7517906580545867013,14600,Janji Jiwa
1491,aabidazka,0,2,27/07/2025 19.10,5,False,Jakarta,Kopi Janji Jiwa & Jiwa Toast - Joglo,25,"Para pencinta kopi wajib tau ini di Janji jiwa outlet joglo lagi banyak promo loh, beli vouchernya lewat tiktok ??
ayo buruan serbu promo makan gajian nya diskon up to 60? ya ?? jangan sampai kelewatan ! 
#janjijiwa #kopi #coffee #coffeetiktok #coffeeshopjakarta #joglo #jakarta #jelajahbegah #promomakanliburan #promo #promomakangajian #promoseruweekend #jakartabarat #foryou #fyp ",21,https://www.tiktok.com/@aabidazka/video/7531732936404585746,210,Janji Jiwa
8965,anandaputri6098,7,9,19/01/2024 10.36,173,False,Morowali Regency,Keurea,0,"secape ini
#morowali_sulteng_bahodopi 
#cewekbaristaoutfit 
#fyp? 
#janjijiwa #janjijiwacoffee #keureabahodopimorowali ",26,https://www.tiktok.com/@anandaputri6098/video/7325648151195569414,3067,Janji Jiwa
6507,indrianairdni,19,4,29/07/2025 07.22,137,False,Samarinda,"Janji Jiwa Culture, Ruko Wahid Hasyim Samarinda",37,"Coffe hopping at @Kopi Janji Jiwa 
#janjijiwasamarinda #janjijiwa #janjijiwatoast #janjijiwacoffee #janjijiwasamarinda #samarinda #samarindakaltim ",19,https://www.tiktok.com/@indrianairdni/video/7532292695209872646,4825,Janji Jiwa
4200,zamzam0509_,29,0,25/07/2025 20.44,177,False,Pasuruan Regency,Kopi Janji Jiwa & Jiwa Toast - Pasuruan Diponegoro,25,Janji jiwa #janjijiwa #janjijiwacoffee #janjijiwatiktok #promomakangajian ,15,https://www.tiktok.com/@zamzam0509_/video/7531015102884105477,32900,Janji Jiwa
7241,moondeev,23,6,07/05/2025 07.51,511,False,Jakarta,Kopi Janji Jiwa & Jiwa Toast - Setiabudi,15,"pesona indah jiwa toast mu mampu mengalihkan duniaku~

#janjijiwacoffee #janjijiwapromo #janjijiwaid #janjijiwatoast #janjijiwa ",22,https://www.tiktok.com/@moondeev/video/7501499936211700998,27600,Janji Jiwa
1588,teyaeee,30,3,13/07/2025 08.03,163,False,Purworejo,Kopi Janji Jiwa & Jiwa Toast - Ruko Mayjen Soetoyo Purworejo,15,#purworejo #janjijiwa #janjijiwatoast #janjijiwacoffee #janjijiwapromo ,0,https://www.tiktok.com/@teyaeee/video/7526365853126905106,40700,Janji Jiwa
2350,rizcadianticha,8,5,16/07/2025 08.10,133,False,Tangerang City,Kopi Janji Jiwa & Jiwa Toast - Arcadia Daan Mogot,4,definisi ngopi hemat ngenyangin tuh janji jiwa doang emang.. buruan di co #janjijiwa #janjijiwatoast #winkofwinner #janjijiwacoffee #promojanjijiwa #promomakananliburan #promomakangajian ,25,https://www.tiktok.com/@rizcadianticha/video/7527480968349748485,1806,Janji Jiwa
8965,anandaputri6098,3,7,31/12/2023 19.27,160,False,Morowali Regency,Bahodopi,0,"????
#barista #cewek barista outfit #fyp #janjijiwacoffee ",15,https://www.tiktok.com/@anandaputri6098/video/7318734295835708677,2891,Janji Jiwa
25400,apadimakassar,14,6,06/05/2025 12.11,101,False,Surakarta City,Kopi Janji Jiwa & Jiwa Toast - Honggowongso,17,"Jangan lupa beli voucher di tiktok sebelum ke janji jiwa 
#BalapNgunyahSampaiKenyang #promotiktok #janjijiwatoast #janjijiwa #janjijiwacoffee ",21,https://www.tiktok.com/@apadimakassar/video/7501196018273242376,17300,Janji Jiwa
1637,avcd.26,2,0,29/07/2025 15.51,41,False,Wonogiri,Kopi Janji Jiwa & Jiwa Toast - Jendral Sudirman Wonogiri,2,untuk area wonogiri merapat #wonogiri #wonogiri24jam #janjijiwa #promotiktok #coffeetiktok ,34,https://www.tiktok.com/@avcd.26/video/7532423823996538168,6258,Janji Jiwa
10100,adi.nr12,2,2,24/05/2025 07.47,117,False,Depok,Kopi Janji Jiwa & Jiwa Toast - Margo City Mall,2,"Ngopi enak ala anak kantor? Bisa banget mulai 13ribuan Tinggal klik tag lokasi, beli vouchernya, dan tunjukin di outlet. Gak ribet!
#jelajahbegah #promotiktok #fyp #PromoMakanGajian #JanjiJiwa #janjijiwacoffee ",15,https://www.tiktok.com/@adi.nr12/video/7507807562163571973,5754,Janji Jiwa
13400,oreyosoftcake,37,2,07/04/2025 21.53,192,False,Grobogan Regency,Kopi Janji Jiwa & Jiwa Toast - Hayam Wuruk Purwodadi,27,#janjijiwa #janjijiwatoast #janjijiwacoffee #janjijiwapromo #janjijiwatiktok #kulinerpurwodadi #kulinerpurwodadigrobogan #kulinerpurwodadiviral #kulinerpurwodadifyp #kulinerpurwodadi?????? #kulinerpurwodadirecommended ,0,https://www.tiktok.com/@oreyosoftcake/video/7490584364972002578,27400,Janji Jiwa
2925,benbenita12,2,0,07/08/2025 06.11,13,False,South Tangerang,Kopi Janji Jiwa & Jiwa Toast - Bintaro Sektor 9,0,"SPECIAL hari kemerdekaan Bulan Agustus beli janji jiwa lebih hemat lewat TikTok caranya: 
1. Klik tag lokasi aku
2. Pilih menu kamu
3. Pilih beli lakukan pembayaran
4. Mendapatkan barcode ditukarkan ke kasir

#bintaro #vouchertiktok #promojanjijiwa #janjijiwa #murah #vouchermakanan #viral #janjijiwacoffee #janjijiwatoast #promoagustus #promomakanan #food #jelajahbosslang #bosslang17an #freedomwithbosslang #promomakanmerdeka #promoseruweekend ",19,https://www.tiktok.com/@benbenita12/video/7535614033509108997,594,Janji Jiwa
8965,anandaputri6098,2,13,31/12/2023 11.27,235,False,Morowali Regency,Bahodopi,0,"Kiuw2??
#janjijiwacoffee 
#fyp 
#cewek barista outfit 
#morowali_sulteng_bahodopi 
#barista ",14,https://www.tiktok.com/@anandaputri6098/video/7318610771456396550,3305,Janji Jiwa
1442,jajanjalan80,19,6,20/07/2025 07.58,43,False,Jakarta,Kopi Janji Jiwa & Jiwa Toast - Ruko Kalisari,49,#janjijiwa #promomakanantiktok #promotiktokjanjijiwa #janjijiwapromo #janjijiwacoffee ,42,https://www.tiktok.com/@jajanjalan80/video/7528962228545015058,7609,Janji Jiwa
383,caramelow15,3,13,18/03/2025 14.33,99,False,Unknown,Unknown,0,#fyppppppppppppppppppppppp #fyp??viral??tiktok #janjijiwacoffee ,0,https://www.tiktok.com/@caramelow15/video/7483049390681197829,882,Janji Jiwa
35700,oreocrumbble01,37,7,22/05/2024 13.08,168,False,Bekasi City,Kopi Janji Jiwa & Jiwa Toast - Rukan Perjuangan Bekasi,37,nongkrong low budget bgt kan? ?? siapa yg mau tutor biar bisa dpt harga segitu???#nongkrong #coffeshop #janjijiwatoast #janjijiwa #janjijiwacoffee ,15,https://www.tiktok.com/@oreocrumbble01/video/7371701867413359878,32200,Janji Jiwa
1925,anitafajarr,10,2,11/07/2025 11.18,29,False,Kota Karawang,Kopi Janji Jiwa & Jiwa Toast - Karawang Central Plaza,14,"ini Kebangetan sih murah nya..
#kopijanjijiwa #janjijiwa #kopi #coffee #coffeetiktok #jelajahbegah #fyp #promo #promotiktok ",12,https://www.tiktok.com/@anitafajarr/video/7525673993332985144,9276,Janji Jiwa
2985,jasonssebastian,1,0,16/05/2025 16.24,30,False,Jakarta,"Kopi Janji Jiwa, Jiwa Toast & Jiwa Tea - Citra 6",0,"Ternyata di Janji Jiwa bisa dapetin 2 kopi cuma 10 ribuan per cup ??

#janjijiwa #janjiniwacoffee #kopi #winkofwinner ",17,https://www.tiktok.com/@jasonssebastian/video/7504971953644637495,508,Janji Jiwa
4246,sriyudian,18,3,12/03/2025 04.33,540,False,Banggai Regency,Luwuk,1,"""Hidup ini seperti secangkir kopi di mana pahit dan manis bertemu dalam kehangatan.""
miss??
#fyp??viral #fyp? #captions #quotes #lewatberanda #luwukpride???? #janjijiwacoffee ",0,https://www.tiktok.com/@sriyudian/video/7480668288393973010,6935,Janji Jiwa
3285,itsmefarichatuljannah,15,5,31/03/2025 11.47,274,False,Blora,Kopi Janji Jiwa & Jiwa Toast - Cepu,11,Kopi Janji Jiwa cepu #janjijiwa #kopijanjijiwa #promotiktok #coffee #coffeetiktok #cafe ,32,https://www.tiktok.com/@itsmefarichatuljannah/video/7487830828408655112,35800,Janji Jiwa
1422,mazferdi_shop30,2,3,04/06/2025 13.25,23,False,Semarang City,Kopi Janji Jiwa & Jiwa Toast - Jatisari Square,0,Dapetin Diskon Sampai 48% Dari Janji Jiwa Toast & Coffee #infopromo #foryou #xyzabc #promo #coffeetiktok #jatisari #mijen #mijensemarang #janjijiwa #janjijiwatoast #janjijiwacoffee #semarangtiktok #semaranghits ,28,https://www.tiktok.com/@mazferdi_shop30/video/7511976418302086456,5346,Janji Jiwa
1073,putu_ambare,0,2,06/08/2025 10.51,15,False,Purworejo,Kopi Janji Jiwa & Jiwa Toast - Ruko Mayjen Soetoyo Purworejo,8,"berburu promo sambil momong di janji jiwa saja
#janjijiwa #promo #purworejo #purworejo24jam #janjijiwapurworejo #kulinerpurworejo #purworejohits ",14,https://www.tiktok.com/@putu_ambare/video/7535315173041573125,1180,Janji Jiwa
212,janji.jiwa.978.am,1,0,26/06/2025 13.34,22,False,Ambon,"Kopi Janji Jiwa, Tulukabessy",0,"Kopi janji jiwa: karna rasa gak pernah bohong

#janjijiwacoffee #janjijiwa #ambontiktok #ambon #pecintakopi #fyp? #baristatok ",7,https://www.tiktok.com/@janji.jiwa.978.am/video/7520142803402345733,1916,Janji Jiwa
2492,qnzshoopy,35,8,13/07/2025 20.38,235,False,Kuningan,Kopi Janji Jiwa & Jiwa Toast - Ruko Taman Kota Kuningan,21,"kamu dapet harga berapa?

#janjijiwa #janjijiwatoast #janjijiwacoffee #janjijiwapromo #janjijiwacoffee ",14,https://www.tiktok.com/@qnzshoopy/video/7526560314612026629,35300,Janji Jiwa
8965,anandaputri6098,0,15,27/12/2023 12.37,163,False,Morowali Regency,Bahodopi,2,"Janji jiwa?
#fyp 
#morowali_sulteng_bahodopi 
#janjijiwacoffee 
#cewek barista outfit ",13,https://www.tiktok.com/@anandaputri6098/video/7317144522549382405,3048,Janji Jiwa
19900,goldencuans,2,0,07/04/2025 14.30,147,True,Jakarta,Kopi Janji Jiwa & Jiwa Toast - Mediterania Gajah Mada,3,#kopi #ngopi #coffee #coffeetiktok #janjijiwa ,49,https://www.tiktok.com/@goldencuans/video/7490470308944645383,14300,Janji Jiwa
1958,ririfaridha_,1,0,22/05/2025 21.07,4,False,Surabaya,Kopi Janji Jiwa & Jiwa Toast - Ruko Rungkut,0,"Rekomendasi ngopi 13rban di janji jiwa!
Kalian bisa langsung klik tag lokasi vidio ini untuk harga semurah itu ??
??@Kopi Janji Jiwa 
#janjijiwa #janjijiwatoast #janjijiwacoffee #kopijanjijiwa #promomakanan #promomakangajian #ttpetualangpro #promogajian #diskontiktok #ngopisurabaya #fyppppppppppppppppppppppp ",39,https://www.tiktok.com/@ririfaridha_/video/7507271414454504709,461,Janji Jiwa
16900,vilya_ayya,26,5,28/04/2025 09.20,242,False,Pasuruan Regency,Kopi Janji Jiwa & Jiwa Toast - Taman Dayu Pasuruan,13,Gak pake mahal kalo belinya pake voucher tiktok ?? #kopi #janjijiwa #janjijiwatoast #janjijiwacoffee #janjijiwatamandayu #janjijiwamalang #kuliner #kulinertiktok #promojanjijiwa #promojanjijiwatoast ,11,https://www.tiktok.com/@vilya_ayya/video/7498183031723691265,27300,Janji Jiwa
2689,debyakd,3,1,22/07/2025 22.59,10,False,Semarang City,Kopi Janji Jiwa & Jiwa Toast - Taman Siswa Semarang,1,Yuk buruan beli #janjijiwa #unnes #unnessemarang #janjijiwacoffee #janjijiwapromo ,22,https://www.tiktok.com/@debyakd/video/7529936387886353670,2179,Janji Jiwa
1308,ijuul29,2,2,13/07/2023 23.29,20,False,Unknown,Unknown,12,#CapCut belok dlu bentar #fyp? #fyp #fyoupage #coffee #janjijiwa #janjiw #tasikpride ,14,https://www.tiktok.com/@ijuul29/video/7255341288709475590,7308,Janji Jiwa
4893,rainku2,3,1,20/03/2025 04.40,16,False,Jakarta,Kopi Janji Jiwa & Jiwa Toast - MKG 3,7,"Cuma 10ribu aja bisa ngopii di Janji Jiwa, belinya di tiktok ya. klik lokasi di video ini cuss.
.
.
.
#promo #diskon #janjijiwa #coffeetiktok #coffee #kopi ",16,https://www.tiktok.com/@rainku2/video/7483638768293956870,4276,Janji Jiwa
5150,nurlindaamrin,0,7,19/08/2023 11.57,177,False,Morowali Regency,Keurea,0,.#janjijiwacoffee #keureabahodopimorowali?? #agustusmerdeka #SerunyaIndonesia #Serunya17an #CapCut #bahodopihits?? #fyp??viral??video ,10,https://www.tiktok.com/@nurlindaamrin/video/7268893121881050374,1042,Janji Jiwa
18900,cerita.makan,1,0,22/06/2025 12.58,1084,False,Jakarta,Kopi Janji Jiwa & Jiwa Toast - Ruko Fancy Mampang,0,"Banyak promo seru jajan @janjijiwaid di tiktok, klik tag lokasi di video ini ya??
#TikTokGOSchoolHolidayFest  #promomakanliburan #promomakangajian #jelajahliburan #promotiktok #diskontiktok #makanhemat #jelajahkuliner #kulinerhemat #fyp #food #kuliner #kulinertiktok #jajanantiktok #promojanjijiwa #promojanjijiwatoast #promojanjijiwatiktok #janjijiwa #janjijiwatoast #janjijiwacoffee ",16,https://www.tiktok.com/@cerita.makan/video/7518649140025265464,21300,Janji Jiwa
1009,tami.time,3,0,30/05/2025 22.30,244,False,Purworejo,Kopi Janji Jiwa & Jiwa Toast - Ruko Mayjen Soetoyo Purworejo,2,"ngga sengaja lihat mas-nya joget sambil beresin toko, ga sadar aku videoin ?? lucu bgt sumpah ????
Thank you mas barista, moodbooster beneran????

#janjijiwa #purworejo #janjijiwatoast #janjijiwacoffee #promojanjijiwa ",11,https://www.tiktok.com/@tami.time/video/7510261411696610616,5449,Janji Jiwa
11900,pitrrr___,3,2,04/07/2025 06.56,15,False,Bekasi City,Kopi Janji Jiwa & Jiwa Toast - Ruko Jati Bening,1,"Sumpah ga bisa diem banget emang ya promo di TikTok?? makin hemat, makin murah, makin yeyeyeyeyelalala nih ngopi di Janji Jiwa??????

Buruan ambil promonya di tag lokasi aku ya sebelum diambil yang lainn??
___
#janjijiwa #janjijiwatoast #janjijiwacoffee #promo #promojanjijiwa #diskon  #promotiktok #ngopihemat #PromoMakanLiburan #fyp? #giladiskon #ttpetualangpro #ttpetualangnewbie #fypage #creatorsearchinsights #fnb ",19,https://www.tiktok.com/@pitrrr___/video/7523008845719833861,727,Janji Jiwa
1142,twiinspiration,0,2,18/04/2025 19.19,5,False,Bekasi City,Kopi Janji Jiwa & Jiwa Toast - Ruko Zamrud Mustika Jaya,0,Janji jiwa promo nya ga kaleng kaleng ?? #fyp #janjijiwa #kopi #coffee #kopijanjijiwa #fypage ,21,https://www.tiktok.com/@twiinspiration/video/7494626771606785285,758,Janji Jiwa
12100,eatwithara_,7,0,22/04/2025 21.31,380,False,Cimahi,Kopi Janji Jiwa & Jiwa Toast - Encep Kartawiria,6,Yuhuuuuu ~ kopinya anak tiktok mau lewat nihhh . #ttlocalservice #jelajahbegah #fyp #janjijiwacoffee #janjijiwatiktok ,15,https://www.tiktok.com/@eatwithara_/video/7496145072862366982,5148,Janji Jiwa
23800,akang_jajan,23,14,16/05/2025 07.25,205,False,Bekasi Regency,Kopi Janji Jiwa & Jiwa Toast - District 2 Meikarta,18,"??JANJI JIWA KASIH PROMO KOPI??

Kamu beruntung dapetin voucher promo Dari tag lokasi vidio ini buruan klik jangan sampai hangus 

#promomakangajian #jelajahbegah #vouchertiktok #diskon #tiktokgo #janjijiwa #promojanjijiwa #kopi #coffee #kopijanjijiwa #promotiktok #cikaranghits #cikarangpeople ",20,https://www.tiktok.com/@akang_jajan/video/7504832995224784183,23100,Janji Jiwa
42,wijayaq1704,0,1,26/07/2022 16.13,31,False,Unknown,Unknown,0,coffee dulu lah guys??      #kopilovers #pencitakopi? #pencitakopiindonesia???? #baristalife #barista #baristaindonesia #baristalovers????,21,https://www.tiktok.com/@wijayaq1704/video/7124606829086149915,1503,Janji Jiwa
212,janji.jiwa.978.am,2,1,04/08/2025 13.34,44,False,Ambon,"Kopi Janji Jiwa, Tulukabessy",1,"Udah capek dibersihin malah dikotorin lagii?????

#kontenmenarik #janjijiwacoffee #baristakocak #baristakonten #kopijanjijiwa978 ",6,https://www.tiktok.com/@janji.jiwa.978.am/video/7534614958911360262,1202,Janji Jiwa
756,dwiefeibry,4,1,26/02/2025 12.37,186,False,Batam,Batam Island,2,@Kopi Janji Jiwa #janjijiwacoffee #fyp ,16,https://www.tiktok.com/@dwiefeibry/video/7475597693759343890,2782,Janji Jiwa
10700,meilindasoe,8,4,17/01/2025 15.47,54,False,Jakarta,"Kopi Janji Jiwa, Jiwa Toast & Jiwa Tea - Citra 6",11,"?? Janji Jiwa Banyak Promo ?? 

#TTPetualangNewbie #janjijiwa #janjijiwacoffee #coffee #coffeetiktok #coffeetime #?? ",18,https://www.tiktok.com/@meilindasoe/video/7460803278494911762,5166,Janji Jiwa
1401,shefinaaa,16,5,27/02/2025 10.27,37,False,Bogor Regency,Kopi Janji Jiwa & Jiwa Toast - Ruko Citeureup,11,Hacks ngopi di janji jiwa cuma 10k aja!! #hacks #janjijiwa #janjijiwapromo #promotiktok #coffeetiktok #jelajahkuliner #foodie #kulinertiktok #fypsound #fyp ,42,https://www.tiktok.com/@shefinaaa/video/7475935328717540613,6322,Janji Jiwa
2089,omwahyudi_,14,0,21/07/2025 20.20,42,False,Jepara,Kopi Janji Jiwa & Jiwa Toast - Jepara Soekarno,19,janji jiwa 13k dapat 2 coffe #janjijiwa #coffee #promotiktok ,18,https://www.tiktok.com/@omwahyudi_/video/7529524381509291272,16000,Janji Jiwa
2814,bu_diinnn,46,5,06/05/2025 10.28,287,False,Kuningan,Kopi Janji Jiwa & Jiwa Toast - Ruko Taman Kota Kuningan,25,Lagi dan lagi cobain dehh #CapCut #tiktokviral #tiktokaffiliator #tiktokviral #janjijiwa #janjijiwacoffee #janjijiwapromo #janjijiwatiktok #fyppppppppppppppppppppppp #algoritmatiktok #algoritmotiktok ,22,https://www.tiktok.com/@bu_diinnn/video/7501169407138319621,51400,Janji Jiwa
21100,kangbarbershop,1,2,26/04/2025 16.39,250,False,Jakarta,Kopi Janji Jiwa & Jiwa Toast - All Season Thamrin,2,"Beli kopi janji jiwa pakai kode voucher di tag lokasi video ini dapat harga di bawah 15rb an aja guys
@Kopi Janji Jiwa 
#janjijiwa #janjijiwacoffee #janjijiwapromo #kopijanjijiwa ",29,https://www.tiktok.com/@kangbarbershop/video/7497554075538427141,13400,Janji Jiwa
5311,vonnyindrawaty,18,6,17/03/2025 11.10,130,False,Banyumas Regency,Kopi Janji Jiwa & Jiwa Toast - Rita Supermall,14,"#kopienak #kopijanjijiwa #purwokerto 
@Kopi Janji Jiwa 

Yuk yuk 10K aja per reguler cup.

Klik tag lokasi yak...

#kulinertiktok #janjijiwatoast #janjijiwacoffee #jelajahkuliner #jelajahramadan #ttpetualangnewbie #kopi ",20,https://www.tiktok.com/@vonnyindrawaty/video/7482626011092258055,32400,Janji Jiwa
2322,janjijiwaungaran,3,1,30/11/2024 18.50,11,False,Unknown,Semarang Regency,3,"nikmatin kopi kamu ditambah senja yang cakep banget di Janji Jiwa Ungaran ?????

??Janji Jiwa Ungaran
? 10.00 sd 22.00 WIB
?? 5 Menit Dari Pintu Tol Ungaran
?? 5 Menit dari Alun Alun Bung Karno 

#UngaranHits #CafeUngaran #CafeHitsSemarang #JanjiJiwa  #JanjiJiwaUngaran #JanjiJiwaSemarang #CafeAesthetic #CafeEstetikSemarang #SemarangExplore #RekomendasiCafeSemarang #RekomendasiCafeUngaran #RekomendasiCafe #Healing #Tenang #Sejuk #fyp ",16,https://www.tiktok.com/@janjijiwaungaran/video/7443038388522978567,1553,Janji Jiwa
212,janji.jiwa.978.am,1,0,21/07/2025 17.36,65,False,Ambon,"Kopi Janji Jiwa, Tulukabessy",1,"""Backup dulu dong""????

#baristacoffee #baristaproblems #janjijiwacoffee #kontenbarista #sehatselalu #fyp? ",14,https://www.tiktok.com/@janji.jiwa.978.am/video/7529482071748775224,1642,Janji Jiwa
13700,annisa.sna16,4,0,29/05/2025 07.01,39,False,Semarang City,Kopi Janji Jiwa & Jiwa Toast - Woltermonginsidi,5,#promokopi #janjijiwa #janjijiwatoast #coffeeaddict #woltermonginsidi #infodiskon #ttpetualangnewbie #jelajahbegah #fyp ,5,https://www.tiktok.com/@annisa.sna16/video/7509651047598607624,7394,Janji Jiwa
2185,cindy_sinora,47,2,02/07/2025 13.38,129,False,Ponorogo Regency,Kopi Janji Jiwa & Jiwa Toast - Ponorogo Diponegoro,27,"Tiap hari bisaa ngopiiyy kalo cuma 10k aja????
Kalo gak percaya cobain aja guys
Klik lokasi video inii dan ikuti intruksinya
Jangan lupaa Ngopiiy ajakk bestiiee kamuuh ????
#janjijiwacoffee #tiktokgo #promotiktok #promovouchertiktok #madiun24jam #ponorogo24jam 
#janjijiwa #janjijiwatoast ",0,https://www.tiktok.com/@cindy_sinora/video/7522370308045688120,40300,Janji Jiwa
11200,rajajualannih,15,0,07/04/2025 10.34,262,False,Cirebon City,Kopi Janji Jiwa & Jiwa Toast - Grage Mall Cirebon,8,Kopi Janji Jiwa Cuman 10rb #janjijiwa #janjijiwatoast #janjijiwacoffee #promojanjijiwa #JelajahLebaran #promotiktok #JelajahBegah #BalapNgunyahSampaiBegah ,19,https://www.tiktok.com/@rajajualannih/video/7490409377682164993,48500,Janji Jiwa
10100,adi.nr12,14,2,08/07/2025 16.52,205,False,Depok,Kopi Janji Jiwa & Jiwa Toast - Margo City Mall,18,"Ngopi di Janji Jiwa ramah kantong pelajar atau mahasiswa!! Udah gitu legit, gak enek, dan pas banget buat nemenin nugas! Langsung tg lokasi dan serbu promonya!! #jelajahbegah #promomakanliburan #fyp #janjijiwa #janjijiwacoffee #janjijiwapromo #diskontiktok ",15,https://www.tiktok.com/@adi.nr12/video/7524646684467416376,20700,Janji Jiwa
3302,mainsamacitaw,8,0,29/03/2025 12.45,120,False,Jakarta,Kopi Janji Jiwa & Jiwa Toast - Mall Citraland Jakarta,4,"Ngopi di mall modal 10K, yakali gak kuy. Cobain deh yang gk gt suka kopi pait pasti cocok sama variant ini. Klik lokasi warna ijo di video ya untuk claim promonya ?? #janjijiwa #kopi #coffee #promotiktok #jelajahramadhan #bukapuasa ",23,https://www.tiktok.com/@mainsamacitaw/video/7487103525403561223,3777,Janji Jiwa
1285,produkemakkkkk,0,9,29/03/2025 23.20,106,False,Unknown,Unknown,0,?????? #janjijiwacoffee #sinarengandenicaknanbellabonitacunda #fyb?viral #jogja24jam? ,15,https://www.tiktok.com/@produkemakkkkk/video/7487267097303649554,541,Janji Jiwa
51400,shiii_sa,5,13,24/07/2022 01.01,253,False,Unknown,Palopo,0,Bismillah?? #fypsounds #janjijiwacoffee #palopocity??,8,https://www.tiktok.com/@shiii_sa/video/7123629683731762459,3399,Janji Jiwa
3760,agnisstore_id,0,1,24/06/2025 06.36,10,False,Cirebon,Kopi Janji Jiwa & Jiwa Toast - Raya Ciledug,1,"buat yang lagi cari tongkrongan coffe dikafe nih aku rekomendasikan kesini aja??
bukan hanya coffe aja,ada cemilan lainnya juga, 

#janjijiwa #janjijiwatoast #janjijiwacoffee #janjijiwapromo #janjijiwaciledug #janjijiwacirebon #tiktokgoscoolholiday #tiktokgoschooolholidayfest #tiktokgo #tiktokgoviral #cirebon #cirebontiktok #cirebonpride????? #cirebontimur #cirebonciledug #fyp #fyp? #viral #tranding #trending #support #VoiceEffects ",11,https://www.tiktok.com/@agnisstore_id/video/7519292711300566277,920,Janji Jiwa
3588,lifesuperupdate,2,1,24/05/2025 13.11,12,False,Unknown,Unknown,0,"Cek promo nya di tag lokasi???? kalian buruan,must try?? #janjijiwa #coffe #coffeetiktok #jelajahkuliner #fypage #fyp?? #nongkrong #genz #masukberandafyp #jembertiktok #jemberasik #jemberhitz ",14,https://www.tiktok.com/@lifesuperupdate/video/7507890890178956550,1265,Janji Jiwa
674,ill020202,10,3,17/10/2024 21.16,351,False,Jakarta,WARGA +62,4,#CapCut #fyp??viral #janjijiwacoffee #kopihitam ,15,https://www.tiktok.com/@ill020202/video/7426748271860747525,1878,Janji Jiwa
562,jumhy22,0,0,14/12/2023 10.21,3,False,Unknown,Mamuju Regency,0,#janjijiwacoffee #fyp #mamujukota ,38,https://www.tiktok.com/@jumhy22/video/7312285354990636293,647,Janji Jiwa
2805,wahyuwiddyah,18,0,05/07/2025 23.23,96,False,Kendal,Kopi Janji Jiwa & Jiwa Toast - Soetta Kendal,6,kamu jangan sampe lewatin lho promo spesial dari tiktok. karna promo terbatas. langsung klik tag lokasi sekarang juga untuk dapatin voucher promo tiktok!! ?? #JelajahBegah #promomakanliburan #promomakangajian #promoliburan #janjijiwa #janjijiwatoast #janjijiwacoffee #janjijiwapromo #kopijanjijiwa #kendal #kendalhits #kendaljateng ,15,https://www.tiktok.com/@wahyuwiddyah/video/7523634213585767736,26300,Janji Jiwa
27500,ayangjajan,42,29,24/12/2023 17.27,350,False,Unknown,Unknown,8,Hi Kakak @ndarbum punten aku izin icip icip juga ya???????? #janjijiwa #thaimilkteaarenjelly #thaiteajanjijiwa #janjijiwacoffee #janjijiwanewconcept ,37,https://www.tiktok.com/@ayangjajan/video/7316105923678997765,32000,Janji Jiwa
20200,miryoku.store,14,11,09/04/2025 15.41,112,False,Tegal City,Kopi Janji Jiwa & Jiwa Toast - Pangeran Diponegoro,14,Kopi JanjiJiwa Kota tegal #janjijiwa #coffeshoptegal #ngopiditegal #tiktokgo #cuantanpabatas ,22,https://www.tiktok.com/@miryoku.store/video/7491230838114372869,12800,Janji Jiwa
14000,chi2handayani,8,0,16/03/2025 12.45,105,False,Jakarta,Kopi Janji Jiwa & Jiwa Toast - Sarinah,16,"Toast janji jiwa cuma 20 ribuan lho, iyaa kalo beli voucher nya di tiktok!!!

#jelajahramadan #janjijiwa #jiwatoast #janjijiwacoffee #promojanjijiwa ",16,https://www.tiktok.com/@chi2handayani/video/7482279331188706568,31900,Janji Jiwa
1403,ceritachus,30,2,08/06/2025 13.22,105,False,Depok,Kopi Janji Jiwa & Jiwa Toast - Graha Isco Sawangan,47,"Ngopi Janji Jiwa Cuma 11.500 ??
#kopijanjijiwa #janjijiwa #janjijiwatoast #janjijiwacoffee #kopisusu #kopihazelnut #icecoffee #kopi #ngopi #ngopibosss??? #janjijiwapromo #janjijiwatiktok #promojanjijiwa #promongopi #ngopimase ",36,https://www.tiktok.com/@ceritachus/video/7513460185340415237,15800,Janji Jiwa
5619,khanara_845,0,11,20/03/2022 09.02,116,False,Unknown,Unknown,51,"bukan korban ghosting,tp korban kopi,,ora turu blas smpe esuk??#OreoBantuAyah #PUBGMOBILEColor4 #RedoxonKids #janjijiwacoffee",15,https://www.tiktok.com/@khanara_845/video/7076996819816926490,478,Janji Jiwa
4432,eka.ayu10,6,9,20/05/2025 10.11,54,False,Jakarta,Kopi Janji Jiwa & Jiwa Toast - Kramat Jaya Koja,6,"Disini tempatnya cozy banget cocok buat wfc guys

??Janji Jiwa Kramat Jaya Koja 

#InfoPromo #PromoTiktok #JelajahKuliner #VoucherDiskon #lsdagency  @LSD AGENCY #janjijiwa #coffee ",26,https://www.tiktok.com/@eka.ayu10/video/7506360118351498502,1947,Janji Jiwa
182,janjijiwakisaran984,4,8,27/01/2025 21.35,73,False,Unknown,Unknown,9,"namanya masih pemula kak,maafin ya??????#jiwatoast #foryoupageofficiall #janjijiwacoffee #baristalife #asahanpunyacerita #fypage ",15,https://www.tiktok.com/@janjijiwakisaran984/video/7464603914378202386,12800,Janji Jiwa
13400,oreyosoftcake,4,1,10/06/2025 08.28,106,False,Grobogan Regency,Kopi Janji Jiwa & Jiwa Toast - Hayam Wuruk Purwodadi,4,#janjijiwa #janjijiwacoffee #janjijiwapromo #janjijiwatiktok #kulinerpurwodadi #kulinerpurwodadigrobogan #kulinerpurwodadiviral #kulinerpurwodadifyp #kulinerpurwodadi?????? #kulinerpurwodadirecommended #kulinerpurwodadihitz ,9,https://www.tiktok.com/@oreyosoftcake/video/7514126523713015048,14800,Janji Jiwa
13300,a.k.a.zenalkun,1,0,19/07/2025 21.54,18,False,Cianjur,Kopi Janji Jiwa & Jiwa Toast - Cianjur Arief Rahman,0,#janjijiwa #coffee #coffe #kopi #kopijanjijiwa #cianjur #cianjurjawabarat #jawabarat ,20,https://www.tiktok.com/@a.k.a.zenalkun/video/7528806418984537400,3577,Janji Jiwa
2181,fabychela,7,2,04/05/2025 19.15,78,False,Surabaya,Kopi Janji Jiwa & Jiwa Toast - Jaksa Agung Suprapto,1,"??Beli kopi di Janji Jiwa cuma 10 ribuan aja ??????

Klik tag location yg ada di video aku??????

#janjijiwacoffee #janjijiwa #promojanjijiwa #janjijiwapromo #kuliner #kulinertiktok #ttpetualangpro #kulinerindonesia #kulinerviral ",40,https://www.tiktok.com/@fabychela/video/7500563177797618952,7770,Janji Jiwa
5061,aggnezh.indrajingga_,0,3,18/04/2021 14.23,344,False,Unknown,Unknown,0,#LegionChallenge #BetterMoodExpression #powerAwesome #fyp #fyp? #foryou #foryourpage #fypdong #kopi #janjijiwa #janjijiwaid #janjijiwacoffee #coffee,14,https://www.tiktok.com/@aggnezh.indrajingga_/video/6952395059497159938,593,Janji Jiwa
3998,vouchertiktok1,0,0,20/05/2025 20.04,2,False,Jakarta,Kopi Janji Jiwa & Jiwa Toast - Pulomas Barat,1,"""Saatnya ngopi hemat bareng Janji Jiwa, diskon spesial menanti!""

#janjijiwatoast #janjijiwacoffee #pulomasbarat #promogajian #jelajahbegah ",16,https://www.tiktok.com/@vouchertiktok1/video/7506513018184912146,316,Janji Jiwa
15,janjijiwapku,0,1,04/04/2024 17.03,4,False,Pekanbaru,FUNWORLD Living World Pekanbaru,0,"#livingworldpekanbaru 
#janjijiwa 
#coffee 
#pekanbaru_riau ",17,https://www.tiktok.com/@janjijiwapku/video/7353950296273390853,3480,Janji Jiwa
600,momsan232,3,4,12/07/2025 20.23,69,False,Kota Karawang,Kopi Janji Jiwa & Jiwa Toast - IR Juanda Karawang,3,"#janjijiwacoffee 
#cikampek 
#coffeetiktok ",22,https://www.tiktok.com/@momsan232/video/7526185442467745031,7869,Janji Jiwa
1073,putu_ambare,1,0,04/08/2025 15.09,8,False,Purworejo,Kopi Janji Jiwa & Jiwa Toast - Ruko Mayjen Soetoyo Purworejo,1,banyak promo di lokasi yang aku tag #janjijiwa #purworejo #kopijanjijiwa #janjijiwatoast #janjijiwacoffee #purworejo24jam ,34,https://www.tiktok.com/@putu_ambare/video/7534639540431113528,360,Janji Jiwa
7228,yudawicaks,40,19,11/07/2025 15.45,144,False,Surabaya,Janji Jiwa Culture,57,Janji jiwa paling kalcer di surabaya nih. Tempatnya luas & cocok buat wfc. Gaskan rek #janjijiwasurabaya #coffeeshopsurabaya #cafesurabaya #ttpetualangpro ,18,https://www.tiktok.com/@yudawicaks/video/7525742716223786246,5891,Janji Jiwa
12600,bidikanhani,12,3,09/03/2025 14.11,273,False,Jakarta,Kopi Janji Jiwa & Jiwa Toast - Joglo,40,"Cuma di bulan Ramadan! Promo @Kopi Janji Jiwa via Tiktok besar-besaran buat kamu. Jadi 10rb doang ??

#janjijiwa #janjijiwatoast #janjijiwacoffee #promojanjijiwa #kopijanjijiwa #kopi #toast #coffee #janjijiwatiktok #janjijiwapromo #ustinian #winkofwinner @winkofwinner #JelajahRamadan #TTPetualangNewbie #promoramadhan #infodiskon #promotiktok #promoramadan #jelajahramadhan #jelajahkuliner #diskontiktok #ramadan #takjil #ramadhan #janjiw ",15,https://www.tiktok.com/@bidikanhani/video/7479704012447632646,7498,Janji Jiwa
746,_sheliaaa_,21,3,28/04/2025 10.50,134,False,Wonogiri,Kopi Janji Jiwa & Jiwa Toast - Jendral Sudirman Wonogiri,1,#4u #fyb #xycba #fyppppppppppppppppppppppp #janjijiwacoffee #masukberandafyp ,0,https://www.tiktok.com/@_sheliaaa_/video/7498206320814853383,5616,Janji Jiwa
2322,janjijiwaungaran,0,1,26/09/2024 09.22,13,False,Unknown,Semarang Regency,6,"hello teman sejiwa >< udah pernah cobain kopi dicampur pandan belum? belum? rugii dong ??, sini sini langsung cobain di Janji Jiwa Ungaran ??

??Janji Jiwa Ungaran
? 10.00 sd 22.00 WIB
?? 5 Menit Dari Pintu Tol Ungaran
?? 5 Menit dari Alun Alun Bung Karno 

#UngaranHits #CafeUngaran #CafeHitsSemarang #JanjiJiwa  #JanjiJiwaUngaran #JanjiJiwaSemarang #CafeAesthetic #CafeEstetikSemarang #SemarangExplore #RekomendasiCafeSemarang #RekomendasiCafeUngaran #RekomendasiCafe #Healing #Tenang #Sejuk #fyp ",14,https://www.tiktok.com/@janjijiwaungaran/video/7418771592802585861,1881,Janji Jiwa
2834,magami.id,26,0,29/05/2025 05.00,170,False,Purworejo,Kopi Janji Jiwa & Jiwa Toast - Ruko Mayjen Soetoyo Purworejo,6,Klik tag lokasi di video ini. Lalu pilih minuman yg di inginkan. Lakukan pembayaran. Tukarkan QR codenya ke outlet janji jiwa purworejo #janjijiwa #janjijiwatoast #janjijiwacoffee #promotiktok #purworejo #purworejo24jam #purworejojateng #purworejohits #fyp?? ,18,https://www.tiktok.com/@magami.id/video/7509619818430090552,32500,Janji Jiwa
3926,sukapakebatik,33,16,15/04/2025 16.47,374,False,Semarang Regency,Kopi Janji Jiwa & Jiwa Toast - Ruko Unggaran,29,ngopi berdua cuman 20rb an apa ga diabetes bendino ngopii ??#fyp #fypgakni #fypviral? #viral #viralvideo #promo #janjijiwa #janjijiwatoast #janjijiwacoffee #promobesarbesaran #indonesia #jawatengah #indonesia???? ,12,https://www.tiktok.com/@sukapakebatik/video/7493474172593589522,36300,Janji Jiwa
8965,anandaputri6098,1,20,27/12/2023 14.38,130,False,Morowali Regency,Bahodopi,2,#cewek barista outfit #janjijiwacoffee #fyp ,13,https://www.tiktok.com/@anandaputri6098/video/7317175701466008838,4452,Janji Jiwa
2483,mrdanmrsjulians,0,0,25/07/2025 14.13,8,False,Jakarta,"Kopi Janji Jiwa, Jiwa Toast & Jiwa Tea - Ruko Ciracas",1,"Cuma 20ribuan dapet Toast dan kopi dari Janji jiwa
klik tag lokasi buat dapetin promonya!!
#janjijiwa #janjijiwatoast #janjijiwacoffee #promogajian #promotiktok #tiktokgo #jelajahbegah ",25,https://www.tiktok.com/@mrdanmrsjulians/video/7530914293580041490,367,Janji Jiwa
10700,misspiknik,5,1,17/02/2025 08.11,37,False,Bandung City,Kopi Janji Jiwa & Jiwa Toast - PVJ Bandung,3,"Mulai dari 10ribuan aja udah bisa ngopi enak di @Kopi Janji Jiwa , ini mah ga akan takut dompet bocos sihh, yuk buruan tap lokasi hijau sekarang juga !!

#JelajahRomantis #JelajahBegah #kopijanjijiwa #janjijiwacoffee #eskopikaramel #misspiknik ",20,https://www.tiktok.com/@misspiknik/video/7472189382477253906,7264,Janji Jiwa
30900,mangucup_212,6,1,07/08/2025 17.44,12,False,Cilegon,Kopi Janji Jiwa & Jiwa Toast - Cilegon Center Mall,1,"promo 42% janjijiwa 16 ribuan khusus beli lewat vidio ini paket toast dan kopi  gass langsung di co lewat vidio ini..
#bebasflexingkulineran #promomakangajian #janjijiwa #promomakanliburan #promomakanweekend #promojanjijiwa #janjijiwacilegoncentermall #janjijiwacilegon #promogajian #promotiktokgo #jelajahkuliner #jelajahbegah #jelajahgajian #jelajahmakan #janjijiwatoast #janjijiwacoffee #tiktokgoschoolholidayfest #cilegoncentermall #cilegon #cilegonbanten @Kopi Janji Jiwa ",32,https://www.tiktok.com/@mangucup_212/video/7535792766316547384,372,Janji Jiwa
1475,bude.ilah,9,6,29/07/2025 10.39,125,False,Cilacap,Kopi Janji Jiwa & Jiwa Toast - Anjasmoro Cilacap,19,Arah coffe janji jiwa di jl rinjani #janjijiwa #coffe #cilacap #gajiansale #kontentanpamodal ,23,https://www.tiktok.com/@bude.ilah/video/7532343427493596472,25500,Janji Jiwa
2089,omwahyudi_,14,4,15/07/2025 07.08,76,False,Jepara,Kopi Janji Jiwa & Jiwa Toast - Jepara Soekarno,44,janji jiwa promo hemat klik tag lokasi #gopayditokopedia #promo #promotiktok #tiktokgo #jepara #coffee #janjijiwa #coffeshop #coffeetime ,16,https://www.tiktok.com/@omwahyudi_/video/7527093883226934546,23400,Janji Jiwa
11700,mamihzayn03,5,1,16/07/2025 12.24,248,False,Tangerang City,Kopi Janji Jiwa & Jiwa Toast - Ruko Sangiang,4,"Cuss klik dan nikmatin promonya????
#janjijiwa #janjijiwatoast #janjijiwacoffee #promotiktok ",16,https://www.tiktok.com/@mamihzayn03/video/7527546432874695941,4684,Janji Jiwa
954,sigittirawann,2,2,13/12/2021 09.44,103,False,Unknown,Pringsewu,0,#disponsori rame kenapa #fyp? #janjijiwa #janjijiwacoffee,17,https://www.tiktok.com/@sigittirawann/video/7041012537399217409,455,Janji Jiwa
2189,paracetamol1119,0,0,05/08/2025 23.22,4,False,Cianjur,Kopi Janji Jiwa & Jiwa Toast - Ruko Ciranjang,0,"Lebih murah pakai voucher tiktok, cek di tag lokasinya #janjijiwa #janjijiwacoffee #promotiktokjanjijiwa #promotiktok #affiliate #janjijiwaciranjang #ciranjang #fyp #fyppppppppppppppppppppppp ",8,https://www.tiktok.com/@paracetamol1119/video/7535137577117043986,397,Janji Jiwa
1789,antihungryclub,0,0,05/08/2025 07.56,21,False,Jakarta,Kopi Janji Jiwa & Jiwa Toast - MKG 3,0,"KOPI JANJI JIWA MURAH BANGET ??

Soalnya, kalau beli lewat TikTok, kalian udah bisa dapet kopi ukuran large tapi, harganya cuma 16ribu.

Yuk, buruan klik tag lokasi di bawah ^^.

#promoseruweekend #promomakangajian #diningsuperpromo #janjijiwa #kopijanjijiwa #promotiktok .",19,https://www.tiktok.com/@antihungryclub/video/7534898927477312775,534,Janji Jiwa
11400,shofiiiiiaaaaa,4,3,06/05/2025 18.15,201,False,Jakarta,Kopi Janji Jiwa & Jiwa Toast - MKG 3,0,"Toast + kopi janji jiwa cuma 40 ribuan aja anti ribet, anti antri dan hemat pake voucher tiktok. Klaim voucher nya sekarang jangan sampai kelewatan promonya #jejaknusantara #BalapNgunyahSampaiBegah #jelajahbegah #jelajahhepi #MurahNikmatLezat #jelajahkuliner #promotiktok #kulinerku #kulinertiktok  #placestovisit #placetogojkt #fyp #rekomendasicafe #ootd  #couple  #jelajahdiskon #ngedate #dateidea #promomakangajian #makangajian #kulinerhemat #food #streetfood #jajantiktok #kulinerindonesia #janjijiwacoffee #janjijiwa #promojanjijiwa #discountjanjijiwa #diskonjanjijiwa ",36,https://www.tiktok.com/@shofiiiiiaaaaa/video/7501289502900555009,2250,Janji Jiwa
1448,exploresampit,4,2,03/05/2025 20.38,22,False,East Kotawaringin Regency,"Kopi Janji Jiwa & Jiwa Toast, Rahadi Usman",4,Salah satu Cafe & Coffee shop nyaman di kota sampit Janji Jiwa. Menu rekomendasi kopi susu & toast.,24,https://www.tiktok.com/@exploresampit/video/7500213294603586824,3376,Janji Jiwa
212,janji.jiwa.978.am,0,1,26/05/2025 19.09,35,False,Ambon,"Kopi Janji Jiwa, Tulukabessy",0,"Nyesselll bangett ??

#kopijanjijiwa978 #baristakonten #baristalife #fyp #kontenhiburanfyp #janjijiwacoffee #baristadaily ",15,https://www.tiktok.com/@janji.jiwa.978.am/video/7508725476710518022,775,Janji Jiwa
2424,liaalfiah27,11,0,17/07/2025 21.33,104,False,Cianjur,Kopi Janji Jiwa & Jiwa Toast - Cianjur Arief Rahman,21,"Cinta banget ini enakn murah 
#janjijiwa #janjijiwatoast #kopi #coffeetime #food #promo #promotiktok ",14,https://www.tiktok.com/@liaalfiah27/video/7528058928136080645,24800,Janji Jiwa
31900,.hakimluqman2,3,2,13/05/2025 23.14,13,False,Semarang City,Kopi Janji Jiwa & Jiwa Toast - Woltermonginsidi,5,"Kopi Janji Jiwa adalah restoran yang menyediakan kopi dingin dan panas dengan dilengkapi roti yang banyak varian rasa,sehingga kita dapat menikmati kopi dan roti tersebut dengan hati yang tenang serta jiwa kita bisa mendapatkan rasa yang mantap di kopi janji jiwa!!!???
#kopijanjijiwa 
#tiktokgo 
#edukasitiktok 
#tiktokmarketing 
#kotasemarang 
#fyppppppppppppppppppppppp ",42,https://www.tiktok.com/@.hakimluqman2/video/7503964381097610503,540,Janji Jiwa
4852,kalemhyrruph,46,2,15/05/2025 19.20,169,False,Kota Karawang,Kopi Janji Jiwa & Jiwa Toast - Karawang Central Plaza,22,"Promo voucher Janji Jiwa ????
#promo #voucher #promotiktok #fyp #janjijiwacoffee #janjijiwa #janjijiwatoast #karawang #karawangcentralplaza ",13,https://www.tiktok.com/@kalemhyrruph/video/7504646206409248005,31400,Janji Jiwa
1637,avcd.26,10,0,15/07/2025 16.00,45,False,Wonogiri,Kopi Janji Jiwa & Jiwa Toast - Jendral Sudirman Wonogiri,8,jajan hemat teruss ini mah #wonogiri #wonogiri24jam #ngopi #tempatnongkrong #promotiktok #janjijiwacoffee #janjijiwa ,40,https://www.tiktok.com/@avcd.26/video/7527231017694792966,12700,Janji Jiwa
5487,novikurniawti,7,12,31/07/2025 12.38,53,False,Depok,Kopi Janji Jiwa & Jiwa Toast - Ruko Citayam Center,0,mantep sih cuma 16ribu ajaaa?? #janjijiwa #janjijiwatoast #janjijiwacoffee #promoseruweekend #promotiktok #fypdeh ,12,https://www.tiktok.com/@novikurniawti/video/7533116168987544837,7864,Janji Jiwa
1159,thovinna,0,0,22/05/2024 15.44,6,False,Unknown,Unknown,1,"Ice Latte Janji Jiwa @Kopi Janji Jiwa 

#janjijiwa #icelatte #tiktokcoffee ",6,https://www.tiktok.com/@thovinna/video/7371742189920980230,3895,Janji Jiwa
1115,heiaiii,1,1,06/04/2025 09.34,108,False,Blora,Kopi Janji Jiwa & Jiwa Toast - Cepu,12,"Pejamkan mata, bayangkan muka walid ??

#mieseblakprasmanan #seblakblora #seblakweru #seblakprasmananblora #seblakwerutemurejo  #seblakprasmanan #seblaksunda #seblak #walid #filmbidaah #janjijiwa #janjijiwatoast #janjijiwacoffee #janjijiwapromo ",16,https://www.tiktok.com/@heiaiii/video/7490022994492853512,9044,Janji Jiwa
5959,grenda_01,3,8,07/06/2025 21.23,22,False,Pemalang,Kopi Janji Jiwa & Jiwa Toast - Comal Jend Sudirman,13,"Cuma di tik tok bisa beli lebih murah harganya 
#janjijiwapemalang 
#kopijanjijiwa 
#toastjanjijiwa 
#bestie 
#coffeeshop 
#suksesbersamahurra 
#janjijiwatiktok ",30,https://www.tiktok.com/@grenda_01/video/7513212945296395526,1302,Janji Jiwa
1809,white_beat67,1,0,12/08/2023 00.56,8,False,Unknown,Temanggung,0,"the quiet temanggung...???

#motivasihidup #motivasi #coffeeshop #coffeetime
#coffeelovers #katahariini #ceritakehidupan #semangat #temanggung
#katakatamotivasi #nightmotivation
#janjijiwa #katakatabijak
#nightcoffee
#nightmotivation?? #kopiindonesia #reelsviral #semangatkerja #weekendvibes #motivasisukses ",40,https://www.tiktok.com/@white_beat67/video/7266125015706373381,508,Janji Jiwa
2925,benbenita12,2,2,07/08/2025 19.27,7,False,South Tangerang,Kopi Janji Jiwa & Jiwa Toast - Bintaro Sektor 9,1,"SPECIAL hari kemerdekaan Bulan Agustus beli janji jiwa lebih hemat lewat TikTok caranya: 
1. Klik tag lokasi aku
2. Pilih menu kamu
3. Pilih beli lakukan pembayaran
4. Mendapatkan barcode ditukarkan ke kasir

#bintaro #vouchertiktok #promojanjijiwa #janjijiwa #murah #vouchermakanan #viral #janjijiwacoffee #janjijiwatoast #promoagustus #promomakanan #food #jelajahbosslang #bosslang17an #freedomwithbosslang #promomakanmerdeka #promoseruweekend ",20,https://www.tiktok.com/@benbenita12/video/7535819165345615110,528,Janji Jiwa
2278,kang.review0,10,0,08/04/2025 13.53,100,False,Cirebon,Kopi Janji Jiwa & Jiwa Toast - Raya Ciledug,3,"Cara Biar Dapet Promo nya
- klik kode lokasi di kiri bawah
- Lakukan pembayaran
- Tunjukkan barcode pembayaran pada kasir#janjijiwamurah #janjijiwacoffee #kopijanjijiwa #janjijiwa ",15,https://www.tiktok.com/@kang.review0/video/7490831896113433874,24700,Janji Jiwa
617,dindaspallspill_,3,2,04/08/2025 15.47,30,False,Jakarta,"Kopi Janji Jiwa, Jiwa Toast & Jiwa Tea - Citra 6",3,Sekarang jangan khawatir dompet boncos karna tiap hari beli coffee. Karna dengan beli voucher di tag lokasi bisa lebih hematt ?? #janjijiwa #coffee #tigerwonggo ,32,https://www.tiktok.com/@dindaspallspill_/video/7534649223262850360,1545,Janji Jiwa
12700,petrikcantik,36,0,14/07/2025 12.13,102,False,Malang City,Kopi Janji Jiwa & Jiwa Toast - Terusan Borobudur Malang,11,"bisa klaim di semua outlet janji jiwa loh, gaskeun sekarang mumpung promonya masih ada caranya klik tag lokasi yuhuu#promotiktok #vouchertiktok #tiktokgoschoolholidayfest #goalscreatorchallange #meago #promomakanliburan #tungtungmakanuntungmea #janjijiwa #janjijiwacoffee #janjijiwatoast ",0,https://www.tiktok.com/@petrikcantik/video/7526801248218025221,27200,Janji Jiwa
21100,tempat.untuk.pergi,10,6,11/03/2025 02.41,135,False,Jakarta,Kopi Janji Jiwa & Jiwa Toast - Setiabudi,13,"??JANGAN BELI JANJI JIWA OTS LAGI!??

Beli harus dari tag lokasi tiktok duluu!! Karena promonya gila gilaan! Kopi hazelnut @Kopi Janji Jiwa jadi cuma ceban doaang!! Gila gilaa! Cus beliii 

??JANJI JIWA 

#janjijiwa #kopi #coffee #vouchertiktok #promo #JelajahRamadan #jelajahkuliner #jelajahbegah #ttpetualangnewbie #ttpetualangpro #rekomendasi #mauditemenin #fyp ",17,https://www.tiktok.com/@tempat.untuk.pergi/video/7480268238215974149,24900,Janji Jiwa
58000,racunsiamma,3,0,07/08/2025 13.09,24,False,Bandung Regency,Kopi Janji Jiwa & Jiwa Toast - Thee Matic Mall,0,#jelajahbegahmula #tiktokgo #janjijiwa #janjijiwacoffee #viral #hazelnut #coffee ,15,https://www.tiktok.com/@racunsiamma/video/7535721768607173893,1335,Janji Jiwa
7226,alitiashop,3,0,06/08/2025 08.48,13,False,Jakarta,Kopi Janji Jiwa & Jiwa Toast - Citra 2,0,"kapan lagi, langsung otw ??
#janjijiwa #janjijiwacoffee #promojanjijiwa #tiktokvoucher ",10,https://www.tiktok.com/@alitiashop/video/7535283536669068560,1465,Janji Jiwa
4857,diannuurmala,10,4,07/05/2025 06.56,84,False,Bogor Regency,Kopi Janji Jiwa & Jiwa Toast - Ruko Pasirkuda,6,"Beli 2cup kopi janji jiwa cuma 20ribuan?? kapan lagi sih mending segera beli vouchernya.

#JelajahHepi #jelajahbegah #promomakangajian #promogajian #promotiktok #promojanjijiwa #janjijiwa #kopijanjijiwa #ngopi #coffee #coffeetiktok ",18,https://www.tiktok.com/@diannuurmala/video/7501485893010705671,20300,Janji Jiwa
42700,leoo_kucing,4,0,15/06/2025 19.26,38,False,Banyumas Regency,Kopi Janji Jiwa & Jiwa Toast - Rita Supermall,2,Beli lewat lokasi yang aku kasih dapet banyak promonya makanya cuss buruan nih keburu promonya abiss #fyp #viral #foryou #foryoupage #purwokerto #janjijiwacoffee #janjijiwa ,14,https://www.tiktok.com/@leoo_kucing/video/7516151519301930246,10800,Janji Jiwa
1092,donysalena11,0,0,20/05/2025 12.59,2,False,Bekasi City,Kopi Janji Jiwa & Jiwa Toast - Raya Hankam,0,"Santai dulu yukk, 

Sambil antri pertamax dibalikpapan 
#fyp #janjijiwa #kopi #coffee #bekasi #rayahankam  #ngopi #tiktok #tiktokgo #afiliate ",10,https://www.tiktok.com/@donysalena11/video/7506403606321564946,902,Janji Jiwa
45600,kevinsikokobandung,30,6,26/01/2025 09.25,543,False,Tangerang Regency,Kopi Janji Jiwa & Jiwa Toast - Ruko Icon BSD,14,"HAYOOO KALIAN LAGI PADA GAJIAN YA?!! COBAIN NONGKRONG DI KOPI JANJI JIWA AJA!! START MENU NYA CUMA DARI 10 RIBUAN AJA LOH!! 
JANGAN LUPA JUGA, BELI NYA DARI VIDEO KOKO AJA YA!! HEHE
CARANYA CUKUP KLIK LINK TAG LOCATION WARNA HIJAU DARI VIDEO KOKO! JANGAN SAMPE KELEWAT YA!!!

#janjijiwa #kopijanjijiwa #toastjanjijiwa #kopisusu #coffee #noncoffee #jelajahgajian #jelajahbegah #ttpetualangnewbie #promojanjijiwa #diskonjanjijiwa #kopi #janjijiwacoffee #janjijiwapromo ",16,https://www.tiktok.com/@kevinsikokobandung/video/7464044659627609349,55700,Janji Jiwa
2042,dewi_case,6,4,27/06/2025 15.02,113,False,Cianjur,Kopi Janji Jiwa & Jiwa Toast - Ruko Cipanas,2,"sama temen.. pasangan atau... 
asal jangan suami orang ??
tag lokasi buat dapet in diskon nya 
#masukberandafyp? #4U #janjijiwacoffee #cipanas ",0,https://www.tiktok.com/@dewi_case/video/7520536413339716920,7371,Janji Jiwa
6283,ignangilawane,13,4,07/07/2025 20.13,136,False,Surabaya,Kopi Janji Jiwa & Jiwa Toast - Kanna Stay,11,"Cuma 50rb sudah bisa dapat menu sebanyak ini di Janji Jiwa ??

#tiktokgoschoolhollydayfest #janjijiwa #jajanantiktok #jajananviral #jajanmurah #janjijiwacoffee #fyp #fyp? ",28,https://www.tiktok.com/@ignangilawane/video/7524327558570282245,9531,Janji Jiwa
3437,nyaicuan08,1,0,18/05/2025 09.37,4,False,Pekalongan,Kopi Janji Jiwa & Jiwa Toast - Transmart Pekalongan,0,"ngopi dulu yuk, di kopi janji jiwa transmart pekalongan
#kopijanjijiwa 
#janjijiwa 
#janjijiwacoffee 
#jelajahhepi ",31,https://www.tiktok.com/@nyaicuan08/video/7505609298337139975,456,Janji Jiwa
1180,lestari_ruslan,0,0,27/07/2025 14.21,10,False,Purworejo,Kopi Janji Jiwa & Jiwa Toast - Ruko Mayjen Soetoyo Purworejo,0,#janjijiwa #alunalunpurworejo #coffe ,22,https://www.tiktok.com/@lestari_ruslan/video/7531658349264260370,506,Janji Jiwa
22800,yud.explore,7,1,06/04/2025 09.34,94,False,Jakarta,Kopi Janji Jiwa & Jiwa Toast - Apartemen Laguna,0,#janjijiwacoffee #janjijiwa ,21,https://www.tiktok.com/@yud.explore/video/7490023048133741831,5106,Janji Jiwa
